,school,sex,age,address,famsize,pstatus,medu,fedu,mjob,fjob,reason,guardian,traveltime,studytime,failures,schoolsup,famsup,paid,activities,nursery,higher,internet,romantic,famrel,freetime,goout,dalc,walc,health,absences,g1,g2,g3
0,0,0,18,0,0,0,4,4,0,0,0,0,2,2,0,0,0,0,0,0,0,0,0,4,3,4,1,1,3,6,5,6,6
1,0,0,17,0,0,1,1,1,0,1,0,1,1,2,0,1,1,0,0,1,0,1,0,5,3,3,1,1,3,4,5,5,6
2,0,0,15,0,1,1,1,1,0,1,1,0,1,2,3,0,0,1,0,0,0,1,0,4,3,2,2,3,3,10,7,8,10
3,0,0,15,0,0,1,4,2,1,2,2,0,1,3,0,1,1,1,1,0,0,1,1,3,2,2,1,1,5,2,15,14,15
4,0,0,16,0,0,1,3,3,2,1,2,1,1,2,0,1,1,1,0,0,0,0,0,4,3,2,1,2,5,4,6,10,10
5,0,1,16,0,1,1,4,3,3,1,3,0,1,2,0,1,1,1,1,0,0,1,0,5,4,2,1,2,5,10,15,15,15
6,0,1,16,0,1,1,2,2,2,1,2,0,1,2,0,1,0,0,0,0,0,1,0,4,4,4,1,1,3,0,12,12,11
7,0,0,17,0,0,0,4,4,2,0,2,0,2,2,0,0,1,0,0,0,0,0,0,4,1,4,1,1,1,6,6,5,6
8,0,1,15,0,1,0,3,2,3,1,2,0,1,2,0,1,1,1,0,0,0,1,0,4,2,2,1,1,1,0,16,18,19
9,0,1,15,0,0,1,3,4,2,1,2,0,1,2,0,1,1,1,1,0,0,1,0,5,5,1,1,1,5,0,14,15,15
10,0,0,15,0,0,1,4,4,4,3,3,0,1,2,0,1,1,1,0,0,0,1,0,3,3,3,1,2,2,0,10,8,9
11,0,0,15,0,0,1,2,1,3,1,3,1,3,3,0,1,1,0,1,0,0,1,0,5,2,2,1,1,4,4,10,12,12
12,0,1,15,0,1,1,4,4,1,2,0,1,1,1,0,1,1,1,1,0,0,1,0,4,3,3,1,3,5,2,14,14,14
13,0,1,15,0,0,1,4,3,4,1,0,0,2,2,0,1,1,1,0,0,0,1,0,5,4,3,1,2,3,2,10,10,11
14,0,1,15,0,0,0,2,2,2,1,2,2,1,3,0,1,1,0,0,0,0,1,1,4,5,2,1,1,3,0,14,16,16
15,0,0,16,0,0,1,4,4,1,1,2,0,1,1,0,1,1,0,0,0,0,1,0,4,4,4,1,2,2,4,14,14,14
16,0,0,16,0,0,1,4,4,3,2,3,0,1,3,0,1,1,1,1,0,0,1,0,3,2,3,1,2,2,6,13,14,14
17,0,0,16,0,0,1,3,3,2,1,3,0,3,2,0,0,1,0,1,0,0,0,0,5,3,2,1,1,4,4,8,10,10
18,0,1,17,0,0,1,3,2,3,2,0,0,1,1,3,1,1,0,1,0,0,1,0,5,5,5,2,4,5,16,6,5,5
19,0,1,16,0,1,1,4,3,1,1,2,1,1,1,0,1,0,1,1,0,0,1,0,3,1,3,1,3,5,4,8,10,10
20,0,1,15,0,0,1,4,3,4,1,3,0,1,2,0,1,0,0,0,0,0,1,0,4,4,1,1,1,1,0,13,14,15
21,0,1,15,0,0,1,4,4,1,3,1,1,1,1,0,1,1,1,0,0,0,1,0,5,4,2,1,1,5,0,12,15,15
22,0,1,16,0,1,1,4,2,4,1,0,0,1,2,0,1,0,0,1,0,0,1,0,4,5,1,1,3,5,2,15,15,16
23,0,1,16,0,1,1,2,2,2,1,3,0,2,2,0,1,1,0,1,0,0,1,0,5,4,4,2,4,5,0,13,13,12
24,0,0,15,1,0,1,2,4,3,3,0,0,1,3,0,0,1,1,1,0,0,1,0,4,3,2,1,1,5,2,10,9,8
25,0,0,16,0,0,1,2,2,3,2,2,0,1,1,2,1,1,1,0,1,0,1,0,1,2,2,1,3,5,14,6,9,8
26,0,1,15,0,0,1,2,2,2,1,2,0,1,1,0,1,1,1,0,0,0,1,0,4,2,2,1,2,5,2,12,12,11
27,0,1,15,0,0,1,4,2,1,2,1,0,1,1,0,1,0,1,0,0,0,1,0,2,2,4,2,4,1,4,15,16,15
28,0,1,16,0,1,0,3,4,3,1,2,0,1,2,0,0,1,0,1,0,0,1,0,5,3,3,1,1,5,4,11,11,11
29,0,1,16,0,0,1,4,4,4,0,2,0,1,2,0,1,1,1,1,0,0,1,1,4,4,5,5,5,5,16,10,12,11
30,0,1,15,0,0,1,4,4,1,2,2,0,1,2,0,1,1,1,0,1,0,1,0,5,4,2,3,4,5,0,9,11,12
31,0,1,15,0,0,1,4,4,3,2,3,0,2,2,0,1,1,0,1,0,0,1,0,4,3,1,1,1,5,0,17,16,17
32,0,1,15,1,0,1,4,3,4,4,0,0,1,2,0,1,1,0,1,0,0,1,1,4,5,2,1,1,5,0,17,16,16
33,0,1,15,0,1,1,3,3,2,1,0,0,1,2,0,1,0,0,1,1,0,1,0,5,3,2,1,1,2,0,8,10,12
34,0,1,16,0,0,1,3,2,2,1,2,0,1,1,0,1,1,1,0,1,0,1,0,5,4,3,1,1,5,0,12,14,15
35,0,0,15,0,0,1,2,3,2,1,1,1,2,1,0,1,1,0,1,0,0,0,0,3,5,1,1,1,5,0,8,7,6
36,0,1,15,0,1,1,4,3,4,2,2,0,1,3,0,1,1,0,1,0,0,1,0,5,4,3,1,1,4,2,15,16,18
37,0,1,16,1,0,0,4,4,2,0,3,0,2,3,0,1,1,0,1,0,0,1,1,2,4,3,1,1,5,7,15,16,15
38,0,0,15,1,0,1,3,4,3,3,0,0,1,3,0,0,1,1,1,0,0,1,0,4,3,2,1,1,5,2,12,12,11
39,0,0,15,1,0,1,2,2,0,1,3,0,1,1,0,0,1,1,1,0,0,0,0,4,3,1,1,1,2,8,14,13,13
40,0,0,16,0,1,1,2,2,2,1,2,0,2,2,1,1,1,0,1,1,0,1,1,3,3,3,1,2,3,25,7,10,11
41,0,1,15,0,1,1,4,4,4,1,2,2,1,1,0,1,1,0,0,1,0,1,1,5,4,3,2,4,5,8,12,12,12
42,0,1,15,0,0,1,4,4,3,0,0,1,1,2,0,1,1,0,1,0,0,1,0,4,3,3,1,1,5,2,19,18,18
43,0,1,15,0,0,1,2,2,3,2,0,1,1,1,0,0,1,0,0,0,0,1,0,5,4,1,1,1,1,0,8,8,11
44,0,0,16,0,1,1,2,2,2,4,0,1,2,2,1,0,0,0,1,0,0,1,0,4,3,3,2,2,5,14,10,10,9
45,0,0,15,0,1,0,4,3,2,1,0,0,1,2,0,0,1,1,1,0,0,1,1,5,2,2,1,1,5,8,8,8,6
46,0,0,16,0,1,0,3,3,2,2,2,0,1,2,0,1,1,0,0,0,0,1,0,2,3,5,1,4,3,12,11,12,11
47,0,1,16,0,0,1,4,3,1,2,3,0,1,4,0,1,0,0,1,0,0,1,0,4,2,2,1,1,2,4,19,19,20
48,0,1,15,0,0,1,4,2,4,1,2,0,1,2,0,1,1,1,0,0,0,0,0,4,3,3,2,2,5,2,15,15,14
49,0,0,15,0,0,1,4,4,3,0,1,1,1,2,1,0,1,0,1,1,0,1,0,4,4,4,1,1,3,2,7,7,7
50,0,0,16,0,1,1,2,2,3,2,0,0,3,2,0,1,1,1,0,0,0,1,0,4,3,3,2,3,4,2,12,13,13
51,0,0,15,0,1,1,4,2,1,1,1,0,1,2,0,1,1,1,0,0,0,1,0,4,3,3,1,1,5,2,11,13,13
52,0,1,15,0,1,0,4,2,1,3,1,1,2,1,1,1,0,0,0,0,0,0,0,5,5,5,3,4,5,6,11,11,10
53,0,0,15,0,0,1,4,4,3,2,0,0,1,1,0,0,1,1,0,0,0,1,0,3,3,4,2,3,5,0,8,10,11
54,0,0,15,0,1,0,3,3,2,1,1,0,1,1,0,1,0,1,0,0,0,1,0,5,3,4,4,4,1,6,10,13,13
55,0,0,16,0,0,0,2,1,2,1,1,0,1,2,0,1,0,1,1,0,0,1,1,5,3,4,1,1,2,8,8,9,10
56,0,0,15,0,0,0,4,3,3,2,3,0,1,2,0,1,1,1,1,0,0,1,0,4,3,2,1,1,1,0,14,15,15
57,0,1,15,0,0,1,4,4,4,3,3,0,1,2,0,1,1,0,1,0,0,0,0,3,2,2,1,1,5,4,14,15,15
58,0,1,15,0,1,1,1,2,2,4,2,1,1,2,0,0,1,0,1,0,0,1,0,4,3,2,1,1,5,2,9,10,9
59,0,0,16,0,0,1,4,2,3,1,0,0,1,2,0,1,1,0,0,0,0,1,0,4,2,3,1,1,5,2,15,16,16
60,0,0,16,1,0,1,4,4,1,0,1,0,1,2,0,1,1,0,1,0,0,0,0,2,4,4,2,3,4,6,10,11,11
61,0,0,16,0,0,1,1,1,3,2,0,1,4,1,0,0,1,0,1,1,0,1,1,5,5,5,5,5,5,6,10,8,11
62,0,0,16,0,1,1,1,2,2,2,3,1,1,2,0,0,0,0,1,0,0,1,0,4,4,3,1,1,1,4,8,10,9
63,0,0,16,0,0,1,4,3,4,3,2,0,1,3,0,0,1,1,1,0,0,1,0,3,4,4,2,4,4,2,10,9,9
64,0,0,15,0,1,1,4,3,3,2,3,1,1,2,0,0,0,0,1,0,0,1,1,4,4,4,2,4,2,0,10,10,10
65,0,0,16,0,1,1,4,3,4,2,0,0,3,2,0,1,1,0,1,0,0,1,0,5,4,3,1,2,1,2,16,15,15
66,0,1,15,0,0,0,4,4,2,2,3,0,1,4,0,1,1,0,1,1,0,1,1,1,3,3,5,5,3,4,13,13,12
67,0,0,16,0,0,1,3,1,3,1,0,0,1,4,0,0,1,1,0,0,0,1,0,4,3,3,1,2,5,4,7,7,6
68,0,0,15,1,1,1,2,2,1,2,3,0,2,2,0,0,1,1,0,0,0,1,0,4,1,3,1,3,4,2,8,9,8
69,0,0,15,1,1,1,3,1,2,1,3,1,2,4,0,1,1,0,0,1,0,1,0,4,4,2,2,3,3,12,16,16,16
70,0,1,16,0,0,1,3,1,2,1,3,1,2,4,0,1,1,1,0,0,0,1,0,4,3,2,1,1,5,0,13,15,15
71,0,1,15,0,0,1,4,2,2,1,0,0,1,4,0,1,0,0,0,0,0,1,0,3,3,3,1,1,3,0,10,10,10
72,0,0,15,1,0,1,1,1,2,1,3,0,1,2,2,0,1,0,0,1,0,1,1,3,3,4,2,4,5,2,8,6,5
73,0,1,16,0,0,1,3,1,2,1,3,0,1,1,0,1,0,0,1,0,0,0,0,5,3,2,2,2,5,2,12,12,14
74,0,0,16,0,0,1,3,3,2,2,2,0,1,2,0,0,1,1,1,0,0,1,0,4,3,3,2,4,5,54,11,12,11
75,0,1,15,0,0,1,4,3,4,1,2,0,1,2,0,1,1,1,1,0,0,1,0,4,3,3,2,3,5,6,9,9,10
76,0,1,15,0,0,1,4,0,4,1,0,0,2,4,0,1,0,0,1,0,0,1,0,3,4,3,1,1,1,8,11,11,10
77,0,0,16,0,0,1,2,2,2,1,3,0,1,4,0,1,0,1,0,0,0,1,1,5,2,3,1,3,3,0,11,11,11
78,0,1,17,0,0,1,2,1,2,1,2,0,2,1,3,0,1,0,1,0,1,1,0,4,5,1,1,1,3,2,8,8,10
79,0,0,16,0,0,1,3,4,0,1,0,0,1,2,0,1,1,0,0,0,0,1,0,2,4,3,1,2,3,12,5,5,5
80,0,1,15,0,0,1,2,3,2,2,0,1,1,1,0,0,1,1,1,1,0,1,1,3,2,2,1,3,3,2,10,12,12
81,0,1,15,0,0,1,2,3,2,1,2,0,1,3,0,0,0,1,0,1,0,1,0,5,3,2,1,2,5,4,11,10,11
82,0,0,15,0,1,1,3,2,3,1,3,0,1,2,0,1,1,1,0,0,0,1,0,4,4,4,1,1,5,10,7,6,6
83,0,1,15,0,1,1,2,2,3,2,2,0,2,2,0,1,0,1,1,0,0,1,0,5,3,3,1,3,4,4,15,15,15
84,0,0,15,0,0,1,1,1,2,1,2,1,1,2,0,1,1,0,1,1,0,1,0,4,3,2,2,3,4,2,9,10,10
85,0,0,15,0,0,1,4,4,3,2,3,1,2,2,2,1,0,1,0,0,0,1,1,4,4,4,2,3,5,6,7,9,8
86,0,0,16,0,1,1,2,2,0,1,0,0,1,2,0,1,1,0,0,0,0,0,0,4,3,4,1,2,2,4,8,7,6
87,0,0,15,0,0,1,4,2,2,1,3,0,1,3,0,1,1,0,1,0,0,1,0,5,3,3,1,3,1,4,13,14,14
88,0,1,16,0,0,1,2,2,3,1,3,1,2,2,1,1,0,1,1,1,0,1,0,4,4,2,1,1,3,12,11,10,10
89,0,1,16,0,1,0,4,4,4,3,3,0,1,2,0,1,1,0,0,0,0,0,0,4,1,3,3,5,5,18,8,6,7
90,0,0,16,0,0,1,3,3,2,1,2,0,1,3,0,1,1,1,0,0,0,1,1,4,3,3,1,3,4,0,7,7,8
91,0,0,15,0,0,1,4,3,3,1,3,0,1,1,0,1,0,1,1,0,0,1,0,4,5,5,1,3,1,4,16,17,18
92,0,0,16,0,1,1,3,1,2,1,2,1,1,2,0,0,1,0,0,0,0,0,0,3,3,3,2,3,2,4,7,6,6
93,0,0,16,0,0,1,4,2,4,2,2,0,2,2,0,1,1,1,1,0,0,1,0,5,3,3,1,1,1,0,11,10,10
94,0,1,15,0,1,1,2,2,3,3,3,0,1,4,0,1,1,0,1,0,0,1,0,4,3,4,1,1,4,6,11,13,14
95,0,0,15,1,0,1,1,1,0,1,2,0,2,4,1,0,1,1,1,0,0,1,0,3,1,2,1,1,1,2,7,10,10
96,0,1,16,1,0,1,4,3,3,1,3,0,2,1,0,0,1,0,1,1,0,1,0,3,3,3,1,1,4,2,11,15,15
97,0,0,16,0,0,1,2,1,2,1,0,0,1,2,0,1,1,1,0,0,0,0,1,4,3,5,1,1,5,2,8,9,10
98,0,0,16,0,0,1,4,4,2,1,3,0,1,1,0,1,0,0,1,1,0,1,0,5,3,4,1,2,1,6,11,14,14
99,0,0,16,0,0,1,4,3,2,4,0,0,1,3,0,0,1,1,0,0,0,1,0,5,3,5,1,1,3,0,7,9,8
100,0,1,16,0,0,1,4,4,3,2,1,0,1,1,0,0,1,1,1,0,0,1,0,4,5,5,5,5,4,14,7,7,5
101,0,1,16,0,0,1,4,4,3,0,1,1,1,3,0,1,1,0,1,0,0,1,1,4,4,3,1,1,4,0,16,17,17
102,0,1,15,0,0,1,4,4,3,1,0,0,1,1,0,1,1,0,1,1,0,1,0,5,3,3,1,1,5,4,10,13,14
103,0,0,15,0,0,1,3,2,3,1,2,0,2,2,0,0,1,1,0,0,0,1,0,4,3,5,1,1,2,26,7,6,6
104,0,1,15,0,0,0,3,4,3,1,0,0,1,2,0,1,1,1,1,0,0,1,0,5,4,4,1,1,1,0,16,18,18
105,0,0,15,0,0,0,3,3,2,3,3,1,1,4,0,0,0,0,0,0,0,0,0,4,3,3,1,1,4,10,10,11,11
106,0,0,15,0,0,1,2,2,2,1,0,0,1,4,0,0,1,1,0,0,0,1,0,5,1,2,1,1,3,8,7,8,8
107,0,1,16,0,0,1,3,3,3,1,2,1,1,3,0,1,1,0,1,0,0,1,0,5,3,3,1,1,5,2,16,18,18
108,0,1,15,1,0,1,4,4,2,1,2,1,4,4,0,1,1,1,1,0,0,1,1,1,3,5,3,5,1,6,10,13,13
109,0,0,16,0,1,1,4,4,1,3,1,0,1,3,0,1,1,1,1,0,0,1,1,5,4,5,1,1,4,4,14,15,16
110,0,1,15,0,1,0,4,4,4,0,0,0,1,1,0,1,0,0,1,0,0,1,0,5,5,3,1,1,4,6,18,19,19
111,0,0,16,1,0,1,3,3,3,1,3,1,1,3,1,0,1,0,1,0,0,1,0,4,1,2,1,1,2,0,7,10,10
112,0,0,16,0,0,1,2,2,0,1,2,0,1,2,1,0,0,0,1,0,0,1,0,3,1,2,1,1,5,6,10,13,13
113,0,1,15,0,1,1,4,2,4,1,0,0,1,1,0,1,0,0,0,0,0,1,0,3,5,2,1,1,3,10,18,19,19
114,0,1,15,1,0,1,2,1,1,2,3,0,1,2,0,1,0,0,1,0,0,1,1,5,4,2,1,1,5,8,9,9,9
115,0,1,16,0,0,1,4,4,4,0,0,1,1,2,0,1,1,0,1,0,0,1,0,5,4,4,1,2,5,2,15,15,16
116,0,1,15,0,0,1,4,4,2,0,3,1,2,2,0,1,1,0,1,0,0,0,0,4,4,3,1,1,2,2,11,13,14
117,0,1,16,0,0,1,3,3,2,2,2,1,2,1,0,1,0,0,1,0,0,1,0,5,4,2,1,1,5,0,13,14,13
118,0,1,17,1,0,1,1,3,2,1,0,1,3,2,1,1,1,0,1,0,0,1,0,5,2,4,1,4,5,20,9,7,8
119,0,1,15,0,0,1,3,4,2,1,3,1,1,1,0,1,0,0,0,0,0,1,0,3,4,3,1,2,4,6,14,13,13
120,0,0,15,0,0,1,1,2,0,2,0,0,1,2,0,1,0,0,0,1,0,1,0,3,2,3,1,2,1,2,16,15,15
121,0,1,15,0,0,1,2,2,3,2,2,1,1,4,0,1,1,1,1,0,0,1,0,5,5,4,1,2,5,6,16,14,15
122,0,0,16,0,1,1,2,4,2,3,0,1,2,2,0,1,1,1,1,0,0,1,1,4,2,2,1,2,5,2,13,13,13
123,0,1,16,0,0,1,4,4,1,1,0,0,1,1,0,1,1,0,1,0,0,1,0,3,4,4,1,4,5,18,14,11,13
124,0,0,16,0,0,1,2,2,2,1,2,0,1,2,0,1,0,1,0,0,0,1,1,5,4,4,1,1,5,0,8,7,8
125,0,1,15,0,0,1,3,4,3,2,2,1,1,1,0,0,0,0,0,0,0,1,0,5,5,5,3,2,5,0,13,13,12
126,0,0,15,0,1,0,3,4,2,1,2,0,1,2,0,0,0,0,1,0,0,1,1,5,3,2,1,1,1,0,7,10,11
127,0,0,19,0,0,1,0,1,0,1,0,2,1,2,3,1,1,0,0,1,1,0,0,3,4,2,1,1,5,2,7,8,9
128,0,1,18,1,0,1,2,2,3,1,3,0,1,1,2,1,1,0,1,0,0,1,0,3,3,3,1,2,4,0,7,4,0
129,0,1,16,1,0,1,4,4,4,0,0,0,1,1,0,1,0,1,1,0,0,1,0,3,5,5,2,5,4,8,18,18,18
130,0,0,15,1,0,1,3,4,3,0,0,1,2,3,2,1,1,0,0,0,0,1,1,4,2,2,2,2,5,0,12,0,0
131,0,0,15,0,0,1,1,1,0,1,0,0,3,1,0,1,1,0,1,1,0,1,1,4,3,3,1,2,4,0,8,0,0
132,0,0,17,0,1,1,2,2,2,1,0,1,1,1,0,1,1,0,0,0,0,1,1,3,4,4,1,3,5,12,10,13,12
133,0,0,16,0,0,0,3,4,3,1,0,1,1,1,0,1,0,0,0,0,0,1,0,3,2,1,1,4,5,16,12,11,11
134,0,1,15,1,0,1,3,4,0,0,0,0,4,2,0,1,1,0,0,0,0,0,1,5,3,3,1,1,5,0,9,0,0
135,0,0,15,0,0,1,4,4,3,4,0,0,1,3,0,1,1,0,1,0,0,1,1,4,3,3,1,1,5,0,11,0,0
136,0,1,17,1,0,1,3,4,0,1,0,0,3,2,0,1,0,0,0,0,0,0,0,5,4,5,2,4,5,0,10,0,0
137,0,0,16,0,0,0,3,3,2,1,0,2,2,1,2,1,1,0,1,1,0,1,1,4,3,2,1,1,5,0,4,0,0
138,0,1,16,0,1,1,1,1,3,1,0,0,1,2,1,1,0,0,0,0,0,0,1,4,4,4,1,3,5,0,14,12,12
139,0,0,15,0,0,1,4,4,4,0,0,0,2,1,0,1,0,0,1,0,0,1,0,4,3,2,1,1,5,0,16,16,15
140,0,1,15,0,0,1,4,3,4,2,0,1,2,4,0,0,1,0,0,0,0,1,0,2,2,2,1,1,3,0,7,9,0
141,0,1,16,0,1,1,2,2,3,2,3,1,2,1,2,1,1,0,1,0,0,1,0,2,3,3,2,2,2,8,9,9,9
142,0,0,15,0,0,1,4,4,4,2,0,0,1,3,0,1,1,1,1,0,0,1,0,4,2,2,1,1,5,2,9,11,11
143,0,0,16,0,1,1,1,1,0,4,0,0,1,1,0,1,0,0,0,0,0,1,0,3,4,4,3,3,1,2,14,14,13
144,0,0,15,0,0,1,1,1,2,2,0,1,1,2,0,1,1,1,0,0,0,1,0,4,4,2,1,2,5,0,8,11,11
145,0,0,15,0,0,1,3,2,1,2,2,1,1,2,3,1,1,0,0,0,0,1,0,3,3,2,1,1,3,0,6,7,0
146,0,0,15,0,0,1,1,2,0,1,0,0,1,2,0,1,1,1,0,1,0,1,0,4,3,2,1,1,5,2,10,11,11
147,0,1,15,0,1,0,2,1,3,1,0,0,4,1,3,1,0,0,0,0,0,1,0,4,5,5,2,5,5,0,8,9,10
148,0,1,18,0,1,1,1,1,2,1,0,0,1,1,3,1,0,0,0,0,1,1,1,2,3,5,2,5,4,0,6,5,0
149,0,1,16,0,1,1,2,1,0,1,0,0,1,1,1,1,0,0,1,0,0,0,1,4,4,4,3,5,5,6,12,13,14
150,0,0,15,1,0,1,3,3,3,2,3,2,2,3,2,1,1,1,1,0,0,1,1,4,2,1,2,3,3,8,10,10,10
151,0,1,19,0,0,1,3,2,3,4,2,0,1,1,3,1,1,0,0,0,1,1,1,4,5,4,1,1,4,0,5,0,0
152,0,0,17,0,0,1,4,4,2,0,0,0,1,1,0,0,1,0,0,0,0,0,1,4,2,1,1,1,4,0,11,11,12
153,0,1,15,1,0,1,2,3,0,2,0,0,1,2,0,0,0,1,1,0,0,0,0,4,4,4,1,1,1,2,11,8,8
154,0,1,17,1,1,1,1,2,2,1,3,0,1,1,0,1,0,0,0,0,0,0,0,2,2,2,3,3,5,8,16,12,13
155,0,0,18,1,0,1,1,1,0,1,0,0,3,1,3,1,1,0,1,1,0,0,0,5,2,5,1,5,4,6,9,8,10
156,0,1,16,1,0,1,2,2,0,1,0,0,3,1,0,1,0,0,0,1,0,0,0,4,2,2,1,2,3,2,17,15,15
157,0,1,16,0,0,1,3,3,2,2,0,1,1,2,1,1,1,1,0,0,0,1,1,4,5,5,4,4,5,4,10,12,12
158,0,1,17,1,1,1,2,1,0,1,0,0,2,1,2,1,0,0,1,0,1,1,1,3,3,2,2,2,5,0,7,6,0
159,0,1,15,1,0,1,3,2,2,1,0,0,2,2,2,0,1,0,0,0,0,1,1,4,4,4,1,4,3,6,5,9,7
160,0,1,16,0,1,1,1,2,2,1,0,0,2,1,1,1,0,0,1,0,0,0,0,4,4,4,2,4,5,0,7,0,0
161,0,1,17,0,0,1,1,3,0,2,0,1,1,1,0,1,0,0,0,0,1,1,0,5,3,3,1,4,2,2,10,10,10
162,0,1,17,1,1,1,1,1,2,2,0,0,4,2,3,1,0,0,1,0,1,0,1,5,3,5,1,5,5,0,5,8,7
163,0,1,16,0,0,1,3,2,3,2,0,0,2,1,1,1,1,0,1,1,1,0,0,4,5,2,1,1,2,16,12,11,12
164,0,1,16,0,0,1,2,2,2,1,0,1,1,2,0,1,0,0,0,0,1,1,0,4,3,5,2,4,4,4,10,10,10
165,0,0,16,0,0,1,4,2,1,2,2,1,1,2,0,1,0,1,0,0,0,1,1,4,2,3,1,1,3,0,14,15,16
166,0,0,16,0,0,1,2,2,2,1,2,0,1,2,0,1,1,1,0,1,0,1,0,5,1,5,1,1,4,0,6,7,0
167,0,0,16,0,0,1,4,4,1,3,3,0,1,2,0,1,1,1,0,0,0,1,1,4,4,2,1,1,3,0,14,14,14
168,0,1,16,0,0,1,3,4,2,1,0,1,3,1,2,1,1,0,1,1,0,1,0,3,4,5,2,4,2,0,6,5,0
169,0,1,16,0,0,1,1,0,2,1,3,0,2,2,0,1,1,1,1,0,0,1,1,4,3,2,1,1,3,2,13,15,16
170,0,1,17,0,1,1,4,4,4,1,3,0,1,2,0,1,1,1,1,0,0,1,0,4,4,4,1,3,5,0,13,11,10
171,0,0,16,0,0,1,1,3,0,2,2,0,1,2,3,1,0,0,1,1,0,1,1,4,3,5,1,1,3,0,8,7,0
172,0,0,16,0,1,1,3,3,2,1,3,0,2,2,0,1,1,1,1,0,0,1,0,4,4,5,1,1,4,4,10,11,9
173,0,1,17,0,1,1,4,3,4,1,0,0,2,2,0,1,0,1,1,0,0,1,0,4,4,4,4,4,4,4,10,9,9
174,0,0,16,0,0,1,2,2,3,1,3,0,2,2,0,1,0,1,1,1,0,1,0,3,4,4,1,4,5,2,13,13,11
175,0,1,17,0,0,1,3,3,2,1,3,1,1,2,0,1,0,0,1,1,0,1,0,4,3,4,1,4,4,4,6,5,6
176,0,1,16,1,0,1,4,2,4,2,1,0,1,1,0,1,1,0,1,0,0,1,1,4,3,3,3,4,3,10,10,8,9
177,0,1,17,0,0,1,4,3,2,1,0,0,1,2,0,1,1,0,1,0,0,1,1,5,2,3,1,1,2,4,10,10,11
178,0,1,16,0,0,1,4,3,4,1,2,0,1,2,0,1,1,1,1,0,0,1,0,3,4,3,2,3,3,10,9,8,8
179,0,0,17,0,0,1,2,4,3,2,3,1,1,2,0,1,1,0,1,0,0,0,0,5,4,2,2,3,5,0,16,17,17
180,0,0,17,0,1,1,3,3,2,1,3,0,1,2,0,1,1,0,1,0,0,1,1,5,3,3,2,3,1,56,9,9,8
181,0,0,16,0,0,1,3,2,2,1,3,0,1,2,0,1,1,1,0,0,0,1,0,1,2,2,1,2,1,14,12,13,12
182,0,1,17,0,0,1,3,3,3,2,1,0,1,2,0,1,1,0,1,0,0,1,1,4,3,4,2,3,4,12,12,12,11
183,0,1,16,0,0,1,1,2,3,2,1,0,1,1,0,1,1,1,1,0,0,1,1,3,3,3,1,2,3,2,11,12,11
184,0,1,16,0,1,1,2,1,2,1,0,0,1,2,0,1,0,1,1,0,0,1,1,4,2,3,1,2,5,0,15,15,15
185,0,0,17,0,0,0,3,3,1,1,3,0,1,2,0,1,1,0,0,1,0,1,1,3,3,3,1,3,3,6,8,7,9
186,0,1,17,1,0,1,1,2,0,1,2,0,1,2,0,1,0,0,0,0,0,0,0,3,1,3,1,5,3,4,8,9,10
187,0,0,16,0,0,1,2,3,3,2,0,0,1,2,0,1,0,0,0,0,0,1,0,4,3,3,1,1,2,10,11,12,13
188,0,0,17,0,0,1,1,1,0,2,0,0,1,2,0,1,0,0,1,0,0,1,0,5,3,3,1,1,3,0,8,8,9
189,0,1,17,0,0,1,1,2,0,2,1,2,2,2,0,1,0,1,1,1,0,1,0,4,4,4,4,5,5,12,7,8,8
190,0,1,16,1,0,1,3,3,3,2,3,0,1,1,0,1,1,0,1,0,0,1,0,4,3,2,3,4,5,8,8,9,10
191,0,1,16,0,0,1,2,3,2,1,2,1,2,1,0,1,0,0,0,0,0,1,0,5,3,3,1,1,3,0,13,14,14
192,0,0,17,0,1,1,2,4,3,2,0,1,1,2,0,1,0,0,1,0,0,1,1,4,3,2,1,1,5,0,14,15,15
193,0,1,17,0,0,1,4,4,3,0,2,0,1,1,0,1,0,0,0,0,0,1,0,5,2,3,1,2,5,4,17,15,16
194,0,1,16,1,1,1,3,3,4,1,2,1,3,1,0,1,1,1,1,0,0,1,0,3,3,4,3,5,3,8,9,9,10
195,0,0,17,0,0,1,4,4,3,0,2,0,2,1,1,1,1,0,0,0,0,1,0,4,2,4,2,3,2,24,18,18,18
196,0,0,16,0,1,1,4,4,4,0,3,0,1,2,0,1,1,1,0,0,0,1,0,4,5,2,1,2,3,0,9,9,10
197,0,0,16,0,0,1,4,3,1,1,2,0,1,2,0,1,1,0,1,0,0,1,0,4,3,5,1,5,2,2,16,16,16
198,0,0,16,0,0,1,2,3,2,1,3,0,1,2,0,0,1,1,1,0,0,0,0,4,4,3,1,3,4,6,8,10,10
199,0,0,17,0,0,1,1,1,2,1,0,0,1,2,0,1,1,1,0,1,0,0,0,4,4,4,1,3,1,4,9,9,10
200,0,0,17,1,0,1,2,2,2,1,3,0,1,1,0,1,1,0,0,0,0,1,0,5,3,2,1,2,3,18,7,6,6
201,0,0,16,1,0,1,2,2,3,2,3,0,2,4,0,1,1,1,1,1,0,1,0,5,3,5,1,1,5,6,10,10,11
202,0,0,17,0,0,1,3,4,0,2,2,0,1,3,1,1,1,1,0,0,0,1,1,4,4,3,3,4,5,28,10,9,9
203,0,0,16,0,0,0,3,1,3,1,0,0,1,2,3,1,1,1,0,0,0,1,0,2,3,3,2,2,4,5,7,7,7
204,0,0,16,0,0,1,4,3,4,1,1,0,1,2,0,1,0,1,1,0,0,1,1,1,3,2,1,1,1,10,11,12,13
205,0,0,16,0,0,1,1,1,0,1,2,0,2,1,0,1,1,1,0,0,0,0,0,4,3,2,1,4,5,6,9,9,10
206,0,0,17,1,0,1,4,3,4,1,3,0,2,3,0,1,1,1,1,0,0,1,1,4,4,2,1,1,4,6,7,7,7
207,0,0,19,0,0,1,3,3,2,1,3,2,1,4,0,1,1,1,1,0,0,1,0,4,3,3,1,2,3,10,8,8,8
208,0,1,17,0,1,1,4,4,3,1,2,0,1,2,0,1,1,1,0,0,0,1,1,5,3,5,4,5,3,13,12,12,13
209,0,0,16,0,0,0,2,2,2,1,3,0,1,2,0,0,1,1,0,0,0,1,0,3,3,4,1,1,4,0,12,13,14
210,0,1,18,0,0,1,2,2,3,1,2,0,1,2,1,1,1,1,1,0,0,1,0,4,4,4,2,4,5,15,6,7,8
211,0,0,17,1,1,1,4,4,3,1,1,0,1,1,0,1,1,1,0,0,0,0,0,5,2,1,1,2,3,12,8,10,10
212,0,0,17,0,1,1,3,2,2,1,3,0,2,2,0,1,0,1,0,0,0,1,0,4,4,4,1,3,1,2,14,15,15
213,0,0,17,0,0,1,4,3,2,1,3,0,1,2,2,1,0,1,0,0,0,1,1,3,4,5,2,4,1,22,6,6,4
214,0,1,18,0,1,1,3,3,3,3,2,1,1,2,1,1,1,1,0,0,0,1,0,3,2,4,2,4,4,13,6,6,8
215,0,0,17,0,0,1,2,3,0,1,2,1,2,1,0,1,1,1,0,0,0,0,0,3,3,3,1,4,3,3,7,7,8
216,0,0,17,0,0,1,2,2,0,4,0,0,1,3,0,1,1,1,1,0,0,1,0,4,3,3,1,1,4,4,9,10,10
217,0,0,17,1,0,1,2,1,0,2,3,0,2,2,0,1,1,0,1,0,0,1,0,4,2,5,1,2,5,2,6,6,6
218,0,0,17,0,0,1,1,1,0,1,3,0,1,3,1,1,1,0,1,0,0,0,1,4,3,4,1,1,5,0,6,5,0
219,0,0,16,0,0,1,2,3,3,0,1,0,1,2,0,0,0,0,0,0,0,1,0,2,3,1,1,1,3,2,16,16,17
220,0,1,18,0,0,1,2,2,2,1,2,0,2,2,0,1,1,1,0,0,0,1,0,3,3,3,5,5,4,0,12,13,13
221,0,0,16,0,0,1,4,4,4,2,2,0,1,3,0,1,1,0,1,1,0,1,0,5,3,2,1,1,5,0,13,13,14
222,0,0,18,1,0,1,3,1,2,1,3,0,1,2,1,1,0,0,1,0,0,1,1,5,3,3,1,1,4,16,9,8,7
223,0,0,17,0,0,1,3,2,2,1,0,0,1,2,0,1,0,0,1,1,0,1,0,5,3,4,1,3,3,10,16,15,15
224,0,1,17,0,1,1,2,3,3,2,3,1,1,2,0,1,1,1,0,1,0,1,0,5,3,3,1,3,3,2,12,11,12
225,0,1,18,0,1,1,2,1,0,1,0,0,4,2,0,0,1,1,1,0,0,1,1,4,3,2,4,5,3,14,10,8,9
226,0,0,17,0,0,0,2,1,2,1,0,0,2,3,0,1,0,0,1,0,0,1,1,3,2,3,1,2,3,10,12,10,12
227,0,0,17,0,1,1,4,3,1,1,3,1,1,2,0,1,0,0,1,0,0,1,1,3,2,3,1,2,3,14,13,13,14
228,0,1,17,1,0,1,2,2,2,1,0,1,2,2,0,1,1,1,1,0,0,1,0,4,5,2,1,1,1,4,11,11,11
229,0,1,17,0,0,1,4,4,4,0,3,0,1,2,0,0,1,0,1,0,0,1,1,4,5,5,1,3,2,14,11,9,9
230,0,1,16,0,0,1,4,4,1,1,3,1,1,2,0,1,1,1,1,0,0,1,0,4,2,4,2,4,1,2,14,13,13
231,0,1,16,0,1,1,1,1,2,1,2,0,2,2,0,1,1,1,0,0,0,1,0,3,4,2,1,1,5,18,9,7,6
232,0,1,16,0,0,1,3,2,0,1,3,0,2,3,0,1,0,0,1,0,0,1,1,5,3,3,1,3,2,10,11,9,10
233,0,1,17,0,1,1,2,2,2,1,2,1,1,2,0,1,0,1,1,1,0,1,1,4,4,2,5,5,4,4,14,13,13
234,0,0,16,0,0,1,2,1,2,1,2,0,1,1,0,1,0,0,0,0,0,1,1,4,5,2,1,1,5,20,13,12,12
235,0,0,17,1,0,1,2,1,0,2,0,0,3,2,0,1,0,0,1,0,0,0,0,2,1,1,1,1,3,2,13,11,11
236,0,1,18,0,0,1,2,2,2,2,3,1,1,2,1,1,0,0,0,0,1,1,0,5,5,4,3,5,2,0,7,7,0
237,0,1,17,0,1,1,4,3,1,1,0,0,2,2,0,1,0,0,1,0,0,1,1,2,5,5,1,4,5,14,12,12,12
238,0,1,17,1,1,0,4,4,4,1,0,0,2,2,0,1,1,1,0,0,0,1,0,3,3,3,2,3,4,2,10,11,12
239,0,1,16,0,1,1,4,3,4,1,0,0,1,1,0,1,0,0,1,1,0,1,0,5,4,5,1,1,3,0,6,0,0
240,0,1,16,0,0,1,4,4,3,2,0,0,1,1,0,1,0,0,1,0,0,1,0,5,3,2,1,2,5,0,13,12,12
241,0,0,18,0,0,1,2,1,2,1,0,2,2,3,0,1,1,1,0,1,0,1,1,4,4,4,1,1,3,0,7,0,0
242,0,1,16,0,0,1,2,1,2,1,0,0,3,1,0,1,0,0,0,0,0,1,0,4,3,3,1,1,4,6,18,18,18
243,0,1,17,0,0,1,2,3,2,1,0,1,2,1,0,1,0,0,0,0,0,1,0,5,2,2,1,1,2,4,12,12,13
244,0,1,22,0,0,1,3,1,3,2,1,0,1,1,3,1,0,0,0,1,1,1,1,5,4,5,5,5,1,16,6,8,8
245,0,1,18,1,1,1,3,3,2,2,0,0,1,2,1,1,1,0,0,0,0,1,1,4,3,3,1,3,5,8,3,5,5
246,0,1,16,0,0,1,0,2,2,1,1,0,1,1,0,1,0,1,0,1,0,1,0,4,3,2,2,4,5,0,13,15,15
247,0,1,18,0,0,1,3,2,3,1,0,0,2,1,1,1,0,0,0,0,1,1,0,4,4,5,2,4,5,0,6,8,8
248,0,1,16,0,0,1,3,3,0,1,3,2,3,2,0,0,1,0,0,1,0,1,0,5,3,3,1,3,2,6,7,10,10
249,0,1,18,0,0,1,2,1,3,2,1,0,1,1,1,1,0,0,0,1,1,1,0,3,2,5,2,5,5,4,6,9,8
250,0,1,16,1,0,1,2,1,2,1,0,0,2,1,0,1,0,0,1,1,0,0,0,3,3,2,1,3,3,0,8,9,8
251,0,1,17,1,0,1,2,1,2,1,0,0,1,1,0,1,0,0,0,1,0,1,0,4,4,2,2,4,5,0,8,12,12
252,0,1,17,0,1,1,1,1,1,1,0,0,2,1,1,1,1,0,1,0,0,1,0,4,4,4,1,2,5,2,7,9,8
253,0,0,17,0,1,1,4,2,4,2,3,0,1,4,0,1,1,1,1,0,0,1,0,4,2,3,1,1,4,6,14,12,13
254,0,1,19,0,1,0,4,3,3,4,3,0,1,2,0,1,1,0,0,0,0,1,0,4,3,1,1,1,1,12,11,11,11
255,0,1,18,0,0,1,2,1,2,1,2,0,1,2,0,1,0,0,1,0,0,1,0,5,2,4,1,2,4,8,15,14,14
256,0,0,17,0,1,1,2,2,3,2,0,1,1,4,0,1,0,1,1,0,0,1,1,3,4,1,1,1,2,0,10,9,0
257,0,0,18,0,0,1,4,3,3,1,2,1,1,2,0,1,1,1,0,0,0,1,1,3,1,2,1,3,2,21,17,18,18
258,0,1,18,0,0,1,4,3,4,1,0,0,1,2,0,1,1,1,0,1,0,1,0,4,3,2,1,1,3,2,8,8,8
259,0,1,18,1,0,1,3,2,2,1,0,0,1,3,0,1,0,0,1,1,0,0,0,5,3,2,1,1,3,1,13,12,12
260,0,0,17,0,0,1,3,3,2,1,2,0,1,3,0,1,0,0,1,1,0,0,0,3,2,3,1,1,4,4,10,9,9
261,0,0,18,0,0,1,2,2,0,2,2,0,1,3,0,1,1,1,1,0,0,1,1,4,3,3,1,1,3,0,9,10,0
262,0,1,18,1,1,0,3,4,2,1,3,0,2,2,0,1,1,1,1,0,0,1,0,4,2,5,3,4,1,13,17,17,17
263,0,1,17,0,0,1,3,1,3,1,1,0,1,2,0,1,0,1,1,0,0,1,1,5,4,4,3,4,5,2,9,9,10
264,0,0,18,1,0,1,4,4,4,1,3,0,2,2,0,1,0,1,1,0,0,1,0,4,3,4,2,2,4,8,12,10,11
265,0,1,18,0,0,1,4,2,1,1,3,1,1,2,0,1,1,1,1,0,0,1,1,5,4,5,1,3,5,10,10,9,10
266,0,0,18,1,0,1,2,1,2,1,3,0,2,2,0,1,1,0,0,0,1,1,1,4,3,5,1,2,3,0,6,0,0
267,0,0,19,0,0,1,3,3,2,2,2,2,1,2,2,1,1,1,1,0,0,1,0,4,3,5,3,3,5,15,9,9,9
268,0,0,18,0,0,1,2,3,2,2,3,1,1,4,0,1,1,1,1,0,0,1,1,4,5,5,1,3,2,4,15,14,14
269,0,0,18,0,1,1,1,1,2,1,2,0,2,2,0,1,1,1,0,1,0,0,0,4,4,3,1,1,3,2,11,11,11
270,0,1,17,1,0,1,1,2,0,4,2,0,1,2,0,1,1,1,1,1,0,0,1,3,5,2,2,2,1,2,15,14,14
271,0,0,17,0,0,1,2,4,0,3,3,0,2,2,0,1,1,1,0,0,0,1,1,4,3,3,1,1,1,2,10,10,10
272,0,0,17,0,1,1,2,2,3,1,0,0,2,2,0,0,1,1,0,0,0,1,1,4,4,4,2,3,5,6,12,12,12
273,0,0,18,1,0,0,3,2,2,2,2,0,2,2,0,1,0,0,0,1,1,1,1,4,1,1,1,1,5,75,10,9,9
274,0,1,18,0,0,1,4,4,4,2,2,0,2,1,0,1,0,1,1,0,0,1,0,3,2,4,1,4,3,22,9,9,9
275,0,0,18,0,0,1,4,4,1,3,3,1,1,2,1,0,1,0,1,0,0,1,1,2,4,4,1,1,4,15,9,8,8
276,0,1,18,0,1,1,4,3,4,2,0,0,2,1,0,1,0,1,1,0,0,1,0,4,2,3,1,2,1,8,10,11,10
277,0,1,17,0,1,0,4,1,3,1,2,0,2,1,0,1,0,1,1,0,0,1,1,4,5,4,2,4,5,30,8,8,8
278,0,1,17,0,1,0,3,2,4,2,2,0,1,1,1,1,0,0,0,0,0,1,0,4,4,4,3,4,3,19,11,9,10
279,0,0,18,1,1,1,1,1,0,1,3,0,2,4,0,1,1,1,1,0,0,0,0,5,2,2,1,1,3,1,12,12,12
280,0,0,18,0,0,1,1,1,2,1,2,0,2,2,0,0,0,0,1,0,0,1,0,5,4,4,1,1,4,4,8,9,10
281,0,0,17,0,0,1,2,2,2,1,0,0,1,2,0,1,1,0,0,1,0,1,0,5,4,5,1,2,5,4,10,9,11
282,0,1,17,0,0,1,1,1,2,1,3,1,1,2,0,1,0,1,0,1,0,1,0,4,3,3,1,2,4,2,12,10,11
283,0,0,18,0,0,1,2,2,0,4,1,0,1,3,0,1,1,1,0,0,0,1,0,4,3,3,1,2,2,5,18,18,19
284,0,0,17,0,0,1,1,1,3,0,3,0,1,3,0,1,1,1,0,0,0,1,0,4,3,3,1,1,3,6,13,12,12
285,0,1,18,0,0,1,2,1,3,2,3,0,1,3,0,1,0,1,1,0,0,1,0,4,2,4,1,3,2,6,15,14,14
286,0,1,18,0,1,0,4,4,4,0,3,0,1,2,0,1,1,1,1,0,0,1,0,5,4,3,1,1,2,9,15,13,15
287,0,1,18,0,0,1,4,2,4,1,2,0,1,2,0,1,1,1,1,0,0,1,1,4,3,2,1,4,5,11,12,11,11
288,0,0,17,0,0,1,4,3,1,2,3,0,1,3,0,1,1,1,0,0,0,1,0,4,2,2,1,2,3,0,15,15,15
289,0,0,18,0,1,1,2,1,3,4,3,0,1,2,1,1,0,0,0,0,0,1,1,5,4,3,1,1,5,12,12,12,13
290,0,0,17,1,1,1,3,1,3,1,3,0,2,4,0,1,1,1,0,0,0,0,0,3,1,2,1,1,3,6,18,18,18
291,0,1,18,1,1,1,3,2,3,1,3,0,2,3,0,1,1,1,1,0,0,1,0,5,4,2,1,1,4,8,14,13,14
292,0,1,17,0,0,1,3,3,1,1,2,0,1,1,0,1,1,1,0,0,0,1,0,4,4,3,1,3,5,4,14,12,11
293,0,0,19,0,0,1,4,4,1,1,3,2,2,2,0,1,1,1,1,0,0,1,0,2,3,4,2,3,2,0,10,9,0
294,0,0,18,0,1,1,4,3,2,1,2,2,2,2,0,1,1,1,0,0,0,1,1,4,4,5,1,2,2,10,10,8,8
295,0,0,18,0,0,1,4,3,2,1,3,1,1,4,0,1,1,1,0,0,0,1,0,4,3,3,1,1,3,0,14,13,14
296,0,1,18,0,1,1,4,4,4,0,2,0,1,1,0,1,1,1,0,0,0,1,1,1,4,2,2,2,1,5,16,15,16
297,0,0,18,0,1,0,4,4,1,1,2,0,1,2,0,1,1,0,0,0,0,1,1,4,2,4,1,1,4,14,12,10,11
298,0,1,17,0,1,1,4,4,2,0,2,1,2,1,0,1,0,1,0,0,0,1,0,4,1,1,2,2,5,0,11,11,10
299,0,0,17,0,0,1,4,2,2,1,3,0,2,3,0,1,1,1,0,0,0,1,0,4,3,3,1,1,3,0,15,12,14
300,0,0,17,0,0,1,3,2,1,3,3,1,1,4,0,1,1,1,1,1,0,1,0,5,2,2,1,2,5,0,17,17,18
301,0,1,19,0,0,1,3,3,2,1,2,2,1,2,1,1,1,0,1,0,0,1,1,4,4,4,1,1,3,20,15,14,13
302,0,0,18,0,0,1,2,4,3,4,3,2,1,2,1,1,1,1,1,0,0,1,0,4,4,3,1,1,3,8,14,12,12
303,0,1,20,0,0,0,3,2,3,1,0,2,1,1,0,1,0,0,1,0,0,0,0,5,5,3,1,1,5,0,17,18,18
304,0,1,19,0,0,1,4,4,4,2,3,2,2,1,1,1,1,1,0,0,0,1,1,4,3,4,1,1,4,38,8,9,8
305,0,1,19,1,0,1,3,3,2,2,3,1,1,2,1,1,0,0,1,0,0,0,1,4,5,3,1,2,5,0,15,12,12
306,0,0,19,0,1,1,1,1,0,1,3,2,1,2,1,0,1,0,1,1,0,1,0,4,4,3,1,3,3,18,12,10,10
307,0,0,19,0,1,1,1,2,3,2,2,2,1,2,1,1,0,0,1,1,0,0,1,4,2,4,2,2,3,0,9,9,0
308,0,0,19,0,0,1,2,1,0,1,1,2,3,2,0,1,1,0,0,0,1,1,1,3,4,1,1,1,2,20,14,12,13
309,0,1,19,0,0,1,1,2,2,2,0,2,1,2,1,1,0,0,0,1,0,1,0,4,5,2,2,2,4,3,13,11,11
310,0,0,19,0,1,1,3,2,3,1,3,2,2,2,1,1,1,1,0,1,0,1,1,4,2,2,1,2,1,22,13,10,11
311,0,0,19,0,0,1,1,1,0,3,2,2,1,3,2,1,0,0,0,1,0,1,1,4,1,2,1,1,3,14,15,13,13
312,0,0,19,1,0,1,2,3,2,1,3,2,1,3,1,1,0,0,0,0,0,1,1,4,1,2,1,1,3,40,13,11,11
313,0,0,18,0,0,1,2,1,3,1,0,0,2,2,0,1,1,1,1,0,0,1,0,5,3,3,1,2,1,0,8,8,0
314,0,0,18,0,0,1,4,3,2,1,0,0,1,3,0,1,1,1,1,0,0,1,1,4,3,4,1,1,5,9,9,10,9
315,0,0,17,1,0,1,3,4,0,2,0,1,1,3,0,1,1,1,1,1,0,1,0,4,3,4,2,5,5,0,11,11,10
316,0,0,18,0,0,1,4,4,4,1,0,0,1,2,0,1,1,1,0,0,0,1,0,4,4,4,3,3,5,2,11,11,11
317,0,0,17,0,0,0,4,3,3,2,0,0,1,2,0,1,1,1,0,0,0,1,1,5,2,2,1,2,5,23,13,13,13
318,0,0,17,0,0,1,2,2,2,1,0,0,1,2,0,1,1,0,0,0,0,0,1,4,2,2,1,1,3,12,11,9,9
319,0,0,17,1,1,1,2,2,3,2,0,0,1,3,0,1,1,1,1,0,0,1,0,3,3,2,2,2,3,3,11,11,11
320,0,0,17,0,0,1,3,1,3,2,0,1,1,3,0,1,1,0,0,1,0,1,0,3,4,3,2,3,5,1,12,14,15
321,0,0,17,0,1,1,0,2,0,4,2,1,2,3,0,1,0,0,0,0,0,1,0,3,3,3,2,3,2,0,16,15,15
322,0,1,18,0,0,1,4,4,2,1,0,0,1,3,0,1,0,0,1,0,0,1,0,4,3,3,2,2,3,3,9,12,11
323,0,1,17,0,0,1,3,3,2,2,3,0,1,1,0,1,0,0,1,1,0,1,0,4,3,5,3,5,5,3,14,15,16
324,0,1,17,1,0,1,2,2,3,1,0,0,4,1,0,1,1,0,0,0,0,1,0,4,4,5,5,5,4,8,11,10,10
325,0,0,17,0,0,1,4,4,4,2,0,0,1,3,0,1,1,1,1,0,0,1,0,5,4,4,1,3,4,7,10,9,9
326,0,0,17,0,0,1,4,4,4,0,0,0,2,3,0,1,1,1,0,1,0,1,1,4,3,3,1,2,4,4,14,14,14
327,0,1,18,0,1,1,2,2,2,1,0,0,1,4,0,1,1,0,1,0,0,1,0,4,5,5,2,4,5,2,9,8,8
328,0,0,17,1,0,1,2,4,0,1,0,1,1,3,0,1,1,0,0,0,0,1,1,4,4,3,1,1,5,7,12,14,14
329,0,0,18,0,0,1,3,3,3,2,2,0,1,2,0,1,0,0,1,0,0,1,0,5,3,4,1,1,4,0,7,0,0
330,0,0,18,0,1,1,2,2,2,1,2,2,1,2,0,1,0,0,1,1,0,1,1,4,3,3,1,1,2,0,8,8,0
331,0,0,18,1,0,1,2,2,0,1,0,0,2,4,0,1,0,0,1,0,0,0,0,4,4,4,1,1,4,0,10,9,0
332,0,0,17,0,0,1,3,4,3,1,0,0,1,3,0,1,0,0,0,0,0,1,0,4,4,5,1,3,5,16,16,15,15
333,0,0,19,1,0,0,3,1,3,4,2,2,1,3,1,1,0,1,0,0,0,0,0,5,4,3,1,2,5,12,14,13,13
334,0,0,17,0,0,1,3,2,2,1,2,0,1,2,0,1,1,1,0,0,0,1,1,4,3,2,2,3,2,0,7,8,0
335,0,0,18,0,1,1,3,3,3,2,2,0,1,4,0,1,1,0,0,0,0,1,0,5,3,3,1,1,1,7,16,15,17
336,0,0,17,1,0,0,3,2,2,1,2,0,1,2,0,1,1,1,0,0,0,1,0,4,3,3,2,3,2,4,9,10,10
337,0,0,19,0,0,1,2,1,3,2,2,2,1,3,1,1,0,1,1,0,0,1,1,4,3,4,1,3,3,4,11,12,11
338,0,1,18,0,1,1,3,4,3,1,2,0,1,2,0,1,0,0,1,0,0,1,1,4,3,3,1,3,5,11,16,15,15
339,0,0,17,0,0,0,2,2,0,4,2,1,1,2,1,1,1,0,0,0,0,1,1,3,3,1,1,2,4,0,9,8,0
340,0,0,18,0,0,1,2,3,0,1,0,0,1,3,0,1,1,0,0,0,0,1,0,4,3,3,1,2,3,4,11,10,10
341,0,0,18,0,0,1,3,2,2,2,1,0,1,3,0,1,0,0,0,0,0,1,1,5,4,3,2,3,1,7,13,13,14
342,0,1,18,1,0,1,4,3,4,2,0,0,1,3,0,1,0,0,0,0,0,1,1,5,3,2,1,2,4,9,16,15,16
343,0,1,18,0,0,1,4,3,4,1,0,0,1,3,0,1,1,1,0,0,0,1,1,5,4,5,2,3,5,0,10,10,9
344,0,0,17,0,0,1,4,3,1,1,3,0,1,3,0,1,1,1,1,0,0,1,1,4,4,3,1,3,4,0,13,15,15
345,1,1,18,1,0,1,3,2,2,1,0,0,2,1,1,1,1,0,0,1,0,1,0,2,5,5,5,5,5,10,11,13,13
346,1,1,19,1,0,1,1,1,2,2,2,2,3,2,3,1,0,0,0,0,0,1,0,5,4,4,3,3,2,8,8,7,8
347,1,1,17,0,0,1,3,3,1,1,0,0,2,2,0,1,1,1,0,0,0,1,0,4,5,4,2,3,3,2,13,13,13
348,1,1,18,0,1,1,1,3,0,2,0,0,1,1,1,1,0,0,0,0,1,1,1,4,3,3,2,3,3,7,8,7,8
349,1,1,19,1,0,1,1,1,2,1,2,2,3,1,1,1,1,0,0,0,0,1,0,4,4,4,3,3,5,4,8,8,8
350,1,1,17,1,0,1,4,3,3,1,2,0,2,2,0,1,1,1,1,1,0,1,1,4,5,5,1,3,2,4,13,11,11
351,1,0,18,0,0,1,3,3,3,2,0,1,1,2,0,1,1,0,0,0,0,0,1,5,3,4,1,1,5,0,10,9,9
352,1,0,17,1,0,1,4,4,4,2,1,1,2,2,0,1,1,1,1,0,0,1,0,4,3,3,1,2,5,4,12,13,13
353,1,0,17,0,1,0,3,2,3,1,3,0,2,2,0,1,0,0,0,0,0,0,1,1,2,3,1,2,5,2,12,12,11
354,1,1,18,0,1,1,1,1,2,2,2,1,2,1,0,1,0,0,0,1,0,1,1,3,3,2,1,2,3,4,10,10,10
355,1,0,18,0,1,1,1,1,0,2,0,1,2,3,0,1,0,0,0,0,0,1,0,5,3,2,1,1,4,0,18,16,16
356,1,0,18,1,1,0,1,4,0,1,0,0,3,2,0,1,0,0,0,0,0,0,1,4,3,4,1,4,5,0,13,13,13
357,1,1,18,1,1,1,1,1,0,1,1,0,2,2,1,1,0,0,1,1,1,0,0,4,4,3,2,3,5,2,13,12,12
358,1,0,18,0,0,1,3,3,3,2,1,0,2,2,0,1,1,0,0,0,0,1,1,4,3,2,1,3,3,0,11,11,10
359,1,0,17,0,1,1,4,4,0,4,0,0,1,2,0,1,1,1,1,0,0,1,1,2,3,4,1,1,1,0,16,15,15
360,1,0,17,1,0,1,1,2,2,2,0,1,2,2,0,1,0,0,0,1,0,0,0,3,2,2,1,2,3,0,12,11,12
361,1,1,18,1,0,1,1,3,0,1,0,0,2,2,0,1,1,1,0,0,0,0,0,3,3,4,2,4,3,4,10,10,10
362,1,1,18,0,1,1,4,4,4,2,1,0,2,3,0,1,0,1,0,0,0,1,1,4,2,2,2,2,5,0,13,13,13
363,1,0,17,1,0,1,1,1,2,2,3,0,3,1,1,1,1,1,0,0,0,1,1,5,2,1,1,2,1,0,7,6,0
364,1,0,18,0,0,1,2,3,0,2,0,1,2,1,0,1,1,1,0,0,0,1,1,5,2,3,1,2,4,0,11,10,10
365,1,0,18,1,0,1,4,4,2,0,1,1,3,2,0,1,1,1,0,1,0,1,1,3,2,2,4,2,5,10,14,12,11
366,1,0,19,0,1,1,3,2,3,2,2,2,2,2,2,1,0,0,1,0,0,0,1,3,2,2,1,1,3,4,7,7,9
367,1,1,18,1,1,1,1,2,0,2,1,1,3,1,0,1,1,1,1,0,1,1,1,4,3,3,2,3,3,3,14,12,12
368,1,0,17,0,0,1,2,2,2,4,2,0,1,3,0,1,0,0,1,0,0,0,1,3,4,3,1,1,3,8,13,11,11
369,1,0,17,1,0,1,1,2,2,1,0,0,1,1,0,1,0,0,1,0,0,1,0,3,5,5,1,3,1,14,6,5,5
370,1,0,18,1,1,1,4,4,2,1,3,0,2,3,0,1,0,0,0,0,0,1,0,5,4,4,1,1,1,0,19,18,19
371,1,0,18,1,0,1,1,1,2,1,2,0,4,3,0,1,0,0,0,0,0,1,0,4,3,2,1,2,4,2,8,8,10
372,1,0,20,0,0,1,4,2,1,1,0,2,2,3,2,1,1,1,0,1,0,1,1,5,4,3,1,1,3,4,15,14,15
373,1,0,18,1,1,1,4,4,4,2,0,0,1,2,0,1,0,1,1,0,0,1,0,5,4,3,3,4,2,4,8,9,10
374,1,0,18,0,0,1,3,3,2,1,2,0,1,2,0,1,0,1,0,0,0,1,1,4,1,3,1,2,1,0,15,15,15
375,1,0,17,1,0,1,3,1,0,1,3,0,1,2,0,1,1,1,1,1,0,1,0,4,5,4,2,3,1,17,10,10,10
376,1,1,18,0,0,1,4,4,4,0,2,1,1,2,0,1,0,1,1,1,0,1,0,3,2,4,1,4,2,4,15,14,14
377,1,1,18,1,0,1,2,1,2,1,1,0,2,1,0,1,0,0,1,1,0,1,1,4,4,3,1,3,5,5,7,6,7
378,1,1,17,0,0,1,2,3,2,2,2,1,2,2,0,1,0,0,1,0,0,1,0,4,4,3,1,1,3,2,11,11,10
379,1,1,19,1,0,1,1,1,2,2,1,0,2,1,1,1,0,0,0,0,0,0,0,4,3,2,1,3,5,0,6,5,0
380,1,1,18,1,0,1,4,2,2,1,2,1,2,1,1,1,0,1,0,0,0,0,0,5,4,3,4,3,3,14,6,5,5
381,1,0,18,1,0,1,2,2,0,1,1,0,2,3,0,1,0,1,0,0,0,0,0,5,3,3,1,3,4,2,10,9,10
382,1,0,18,1,0,1,4,4,4,4,3,0,3,1,0,1,1,1,1,0,0,1,1,4,4,3,2,2,5,7,6,5,6
383,1,0,19,1,0,1,2,3,3,1,0,0,1,3,1,1,0,0,1,1,0,1,0,5,4,2,1,2,5,0,7,5,0
384,1,0,18,0,1,1,3,1,4,2,0,0,1,2,0,1,1,1,0,0,0,1,0,4,3,4,1,1,1,0,7,9,8
385,1,0,18,0,0,1,1,1,2,1,0,0,2,2,1,1,0,0,1,0,0,0,0,1,1,1,1,1,5,0,6,5,0
386,1,1,20,0,1,0,2,2,3,2,0,2,1,2,2,1,1,1,0,0,0,0,0,5,5,4,4,5,4,11,9,9,9
387,1,1,17,0,1,1,3,1,3,2,0,0,2,1,0,1,0,0,0,1,0,1,0,2,4,5,3,4,2,3,14,16,16
388,1,1,21,1,0,1,1,1,2,1,0,2,1,1,3,1,0,0,0,1,0,0,0,5,5,3,3,3,3,3,10,8,7
389,1,1,18,1,1,1,3,2,3,1,0,0,3,1,0,1,0,0,0,1,0,1,0,4,4,1,3,4,5,0,11,12,10
390,1,1,19,0,1,1,1,1,2,4,0,1,1,1,0,1,0,0,0,0,0,1,0,3,2,3,3,3,5,5,8,9,9
391,0,1,16,0,0,1,2,3,2,1,0,0,2,3,0,1,1,0,0,1,0,1,1,3,2,3,2,2,1,4,13,12,13
392,0,0,18,0,0,1,2,1,3,1,3,0,1,2,3,1,1,0,1,0,1,1,1,5,4,5,1,3,5,10,10,9,8
393,0,0,17,0,1,0,2,1,2,1,0,0,3,1,0,1,1,0,0,0,0,1,0,3,2,2,1,2,5,8,11,10,11
394,0,1,16,0,0,1,2,1,0,1,0,0,4,1,0,1,0,0,0,0,0,0,0,3,2,1,1,1,2,4,9,9,11
395,0,0,16,0,0,0,2,2,2,1,2,0,1,1,1,1,0,0,0,0,0,0,0,5,3,4,1,1,5,12,13,11,11
396,0,0,16,1,0,1,1,1,0,1,0,0,4,2,0,1,1,0,0,0,0,0,0,5,1,3,1,1,3,0,14,13,13
397,0,1,18,0,1,1,3,1,3,2,0,0,2,1,0,1,0,0,1,0,0,1,1,3,3,4,4,5,4,2,11,11,12
398,0,0,18,0,0,0,3,2,2,2,0,2,1,3,0,1,1,0,1,1,0,1,1,4,3,3,5,1,5,10,12,11,11
399,0,0,16,1,0,1,1,1,2,2,3,0,2,1,0,1,1,0,1,0,0,0,1,3,3,3,1,2,1,8,12,11,11
400,0,0,15,1,0,1,1,1,2,1,0,0,3,1,1,1,0,0,1,0,0,1,1,5,5,5,1,1,1,2,8,9,9
401,0,0,15,0,0,0,3,3,3,2,2,0,1,2,0,1,0,0,0,1,0,0,1,1,3,2,2,3,1,24,9,8,9
402,0,0,15,0,1,0,2,1,0,1,2,0,2,1,0,1,1,0,1,0,1,1,1,4,4,2,1,1,5,0,11,10,10
403,0,0,15,0,0,1,1,2,0,2,0,1,1,2,0,1,0,0,0,1,0,0,1,2,3,4,2,4,1,6,11,11,11
404,0,1,16,0,1,1,1,2,1,2,0,0,2,1,2,1,0,0,0,1,0,1,0,4,4,5,3,5,5,0,9,8,10
405,0,1,17,1,0,1,3,2,2,1,0,0,2,2,2,0,1,0,0,0,0,1,1,4,4,4,1,4,3,4,7,6,8
406,0,1,15,0,1,1,1,2,2,1,0,0,2,1,0,1,0,0,1,0,0,0,0,4,4,4,2,4,5,2,8,9,10
407,0,1,16,0,0,1,1,3,0,2,0,1,1,1,1,1,0,0,0,0,1,1,0,5,3,3,1,4,2,2,9,8,8
408,0,1,17,0,0,1,3,2,3,2,0,0,2,1,3,1,1,0,1,1,1,0,0,4,5,2,1,1,2,10,8,7,8
409,0,0,16,0,0,0,4,1,2,1,2,0,1,2,0,1,0,0,1,0,0,1,1,5,3,3,1,2,5,0,14,13,13
410,0,0,18,0,1,0,2,4,3,1,0,0,2,2,1,1,1,0,0,0,0,1,0,4,3,3,1,1,3,18,10,10,10
411,0,0,18,0,1,1,2,2,0,2,0,0,1,2,1,1,1,0,0,1,0,1,1,5,3,1,1,1,5,16,9,8,10
412,0,0,18,0,0,1,3,3,2,1,0,0,2,1,1,1,0,0,0,0,1,1,0,4,1,1,1,1,3,14,8,7,7
413,0,1,18,0,0,1,2,2,2,4,0,2,1,1,1,1,1,0,1,1,1,1,1,4,4,3,2,2,1,26,7,8,8
414,0,1,17,0,0,1,4,4,4,0,0,0,1,1,0,1,1,0,1,1,0,1,0,4,2,1,1,2,5,6,10,8,9
415,0,0,17,0,0,1,3,2,2,1,0,1,1,2,0,1,0,0,1,0,0,0,0,5,4,2,1,1,3,4,14,14,15
416,0,0,17,0,1,1,1,1,0,4,0,0,1,3,0,1,1,0,1,0,0,1,1,4,3,2,1,2,4,10,11,10,10
417,0,0,16,0,0,1,1,2,2,1,0,0,1,1,0,1,0,0,0,0,1,1,0,5,3,5,1,2,5,4,12,11,11
418,0,0,17,1,1,0,1,4,2,1,0,2,4,1,1,1,1,0,0,0,0,1,0,5,5,4,1,1,5,14,9,9,8
419,0,0,17,0,1,0,2,2,2,1,2,0,1,1,1,1,1,0,0,1,1,1,0,3,1,2,1,1,1,8,11,9,10
420,0,0,17,1,1,1,1,1,0,1,0,0,2,3,0,1,0,0,1,0,0,1,0,4,3,3,1,3,5,4,15,14,15
421,0,0,17,0,1,0,4,2,4,1,0,0,1,2,0,1,1,0,1,0,0,0,0,4,3,2,1,1,4,4,15,14,14
422,0,1,17,1,0,1,1,1,2,1,2,1,2,3,0,1,0,0,0,1,0,1,1,4,3,3,1,1,1,2,13,14,15
423,0,0,17,0,0,1,3,3,3,1,2,0,2,3,0,1,1,0,0,0,0,1,1,4,2,2,2,3,5,10,11,11,11
424,0,0,17,0,0,1,1,1,0,1,0,0,1,2,0,0,0,0,0,1,0,0,1,4,3,2,1,1,4,10,10,9,10
425,0,0,17,0,0,1,1,1,2,2,0,1,1,2,0,1,1,0,0,0,0,0,0,4,3,4,1,2,5,4,11,10,11
426,0,0,18,0,1,0,2,1,2,1,0,0,1,2,0,1,1,0,0,1,0,1,1,4,3,4,1,3,5,2,12,12,13
427,0,0,19,0,0,1,2,2,3,2,2,0,1,2,0,1,1,0,0,0,0,1,0,4,3,3,1,1,5,0,10,10,11
428,0,1,18,0,1,1,2,1,3,1,0,0,3,2,1,1,0,0,1,1,1,1,0,4,4,5,4,4,5,4,11,10,11
429,0,0,17,1,0,1,4,2,2,1,0,0,1,3,0,1,1,0,1,0,0,1,0,4,3,4,1,3,5,2,11,12,14
430,0,0,18,0,1,1,1,1,2,4,2,0,1,3,0,1,1,0,0,1,0,0,0,4,4,3,2,3,3,4,11,12,14
431,0,0,18,1,0,1,2,2,2,1,2,0,1,2,0,0,0,0,0,0,0,0,0,3,2,3,1,1,5,4,11,11,13
432,0,1,17,1,0,1,2,2,2,2,1,0,2,1,0,1,0,0,0,1,1,0,0,5,2,2,1,1,4,0,9,10,10
433,0,0,20,1,0,1,2,1,2,1,0,2,2,2,0,1,1,1,1,0,1,1,1,1,2,3,1,2,2,8,10,12,12
434,0,1,17,0,0,1,2,2,2,1,2,1,2,1,0,1,0,0,0,0,1,1,0,4,4,4,2,3,4,8,8,8,9
435,0,0,18,0,0,1,2,1,2,1,2,0,1,2,0,1,1,0,0,0,0,1,1,4,2,5,1,2,1,8,14,14,15
436,0,0,17,0,0,1,2,2,2,2,3,1,3,3,0,1,1,0,0,0,0,1,1,4,2,3,1,1,1,8,13,15,15
437,0,0,19,1,0,1,3,2,3,2,3,1,1,2,1,0,1,0,0,0,1,1,0,3,3,3,4,3,3,0,9,8,10
438,0,1,18,0,0,1,1,2,0,1,2,2,2,1,0,1,0,0,0,1,1,1,0,3,4,4,2,4,4,10,10,10,11
439,0,0,18,0,0,1,2,1,2,1,3,0,2,2,0,1,0,0,1,0,0,1,1,4,3,1,1,1,5,10,12,13,14
440,0,0,17,1,0,1,4,4,3,2,3,0,2,3,0,1,1,0,1,0,0,1,0,5,3,4,1,1,5,0,7,7,8
441,0,1,19,1,1,1,2,1,0,2,0,0,2,3,1,1,0,0,1,0,0,1,1,4,3,1,1,1,5,0,9,10,11
442,0,0,18,0,0,1,1,4,2,0,2,0,1,2,0,0,1,0,0,1,0,0,1,3,4,4,1,2,5,2,10,10,11
443,0,0,17,0,0,1,2,3,2,1,0,1,2,2,0,1,0,0,1,0,0,1,1,4,2,1,1,1,3,2,11,12,14
444,0,0,17,1,0,1,4,4,4,0,0,0,1,1,0,1,0,0,1,0,0,1,0,4,4,4,1,1,5,2,15,16,17
445,0,0,18,0,1,1,4,3,1,2,0,0,2,1,0,1,1,0,0,0,0,1,0,3,2,4,1,4,1,8,12,12,15
446,0,0,18,0,0,1,3,3,0,1,0,1,1,2,0,1,1,0,0,0,0,1,0,4,1,4,1,1,3,8,11,12,14
447,0,1,19,0,0,1,4,2,1,1,0,0,2,2,0,1,1,0,1,0,0,1,1,5,4,4,1,1,1,9,11,10,10
448,0,0,18,0,0,1,3,4,2,1,0,0,1,1,0,1,1,0,1,0,0,1,1,5,4,4,1,1,1,4,11,12,14
449,0,0,17,0,0,1,4,4,1,3,0,0,1,1,0,1,0,0,1,0,0,1,0,5,3,4,1,2,5,2,14,15,17
450,0,0,17,0,1,0,3,3,3,1,2,0,1,2,0,0,1,0,0,0,0,1,0,5,3,3,1,1,5,0,12,12,13
451,0,0,17,0,1,1,2,1,2,1,2,1,1,2,0,1,0,0,1,0,0,1,0,4,2,3,2,2,2,2,11,12,14
452,0,1,18,0,1,1,4,4,2,1,3,1,1,1,0,1,1,0,0,0,0,1,0,4,2,5,3,4,5,2,8,9,11
453,0,0,19,0,0,1,1,1,2,1,0,2,3,3,0,1,0,0,1,0,1,0,1,1,5,5,4,3,5,12,10,10,11
454,0,0,19,0,1,0,1,1,2,1,0,2,3,2,2,1,1,0,0,1,0,1,1,5,3,4,1,1,4,2,8,8,9
455,0,0,18,0,0,1,2,2,2,1,0,0,1,1,0,1,1,0,1,0,0,1,1,4,3,5,2,4,5,2,10,10,10
456,0,0,17,0,0,1,3,3,0,1,0,0,1,1,0,1,1,1,1,0,0,1,0,4,2,5,2,5,5,2,11,12,11
457,0,1,19,1,0,1,3,2,0,2,2,2,1,1,0,1,1,0,0,1,0,0,1,5,3,4,2,2,5,0,11,10,10
458,0,0,18,0,0,1,2,2,0,1,0,0,4,2,0,1,0,0,1,0,0,0,1,4,2,5,1,1,2,2,10,9,10
459,0,1,18,0,0,1,2,2,2,1,3,0,1,1,0,1,0,0,0,1,0,1,0,5,4,2,1,2,5,6,15,14,15
460,0,0,17,0,0,1,2,1,3,1,0,0,2,2,0,1,1,0,1,0,0,1,1,4,3,4,2,2,1,10,12,15,15
461,0,0,17,0,0,1,2,1,3,1,3,0,1,2,0,1,1,0,1,0,0,1,0,4,3,5,2,4,4,4,12,16,16
462,0,0,19,0,1,0,2,3,0,1,2,2,2,1,1,1,0,0,0,0,1,1,0,2,2,3,3,4,5,16,10,11,11
463,0,0,17,0,0,1,3,1,2,4,2,0,1,1,1,1,1,1,0,0,0,1,1,4,1,2,1,1,3,6,10,13,13
464,0,0,21,0,1,1,4,4,2,1,3,2,1,3,2,1,0,1,1,0,0,1,0,3,3,2,1,1,5,0,9,12,12
465,0,1,18,0,1,1,2,2,3,2,3,0,1,2,0,1,1,0,1,1,1,1,0,4,4,4,1,3,3,11,9,11,12
466,0,1,18,0,1,0,3,4,2,1,3,2,1,2,0,1,0,0,1,0,0,1,1,4,3,5,1,4,2,9,13,14,15
467,0,0,17,0,0,1,2,2,3,2,3,0,1,2,0,1,1,0,1,0,0,1,0,4,3,4,1,3,4,0,13,17,17
468,0,1,17,0,1,0,4,4,1,1,3,0,1,3,0,1,1,0,0,0,0,1,0,4,4,2,1,2,4,2,12,15,15
469,0,0,18,0,1,1,4,2,4,1,0,0,1,2,0,1,1,0,1,0,0,1,0,4,2,2,1,1,3,0,14,17,17
470,0,1,21,1,1,1,1,1,0,1,0,2,2,2,2,1,1,0,1,0,1,1,1,5,3,3,5,2,4,21,9,10,10
471,0,0,20,1,0,1,1,1,2,1,3,2,2,3,0,1,0,0,0,0,0,1,1,3,2,2,1,3,3,8,11,15,15
472,0,0,19,0,0,1,4,4,4,1,2,2,1,1,1,1,1,0,0,0,0,1,1,3,2,5,4,4,5,5,9,10,11
473,0,1,17,0,1,0,3,2,2,1,3,0,1,2,0,1,1,0,0,0,0,1,0,4,4,4,1,2,5,10,16,18,18
474,0,0,18,0,0,1,3,2,0,1,3,1,1,3,0,1,1,0,0,0,0,1,1,4,3,4,1,2,2,5,14,17,17
475,0,1,18,1,0,1,2,3,2,2,3,1,1,1,0,1,0,0,0,0,0,1,0,3,1,3,4,5,4,13,13,14,14
476,0,1,19,0,0,1,2,1,2,1,3,0,1,1,0,1,0,0,0,0,0,1,0,5,3,4,1,4,4,10,7,11,11
477,0,0,18,0,1,0,2,2,3,1,3,0,2,2,0,1,1,0,0,0,0,1,0,4,1,4,1,3,4,10,14,17,17
478,0,0,20,0,0,1,1,0,2,1,3,0,2,1,1,0,0,0,0,0,0,1,1,5,3,1,1,1,5,5,8,10,10
479,0,0,18,0,0,1,3,2,3,1,2,0,1,2,0,1,1,0,1,1,0,1,1,3,1,2,1,2,1,4,10,13,13
480,1,0,16,0,0,1,1,3,0,1,1,1,2,1,0,1,1,0,0,0,1,1,1,4,3,3,1,3,5,11,10,11,11
481,1,0,16,1,0,1,2,2,2,1,0,0,2,2,0,1,1,0,1,0,0,1,0,4,4,4,1,1,5,0,12,12,12
482,1,0,15,1,0,1,1,1,0,2,1,0,1,1,1,1,1,0,0,0,0,0,1,4,1,3,1,1,2,6,10,10,10
483,1,0,15,1,0,1,3,3,0,1,0,0,2,1,0,1,1,0,0,0,0,1,0,5,4,4,2,3,5,4,10,10,11
484,1,0,16,1,0,1,2,3,0,2,0,0,2,2,0,1,0,0,0,0,0,0,0,4,5,2,1,2,5,0,16,17,17
485,1,0,15,1,1,1,2,1,0,1,2,0,2,1,0,1,0,0,0,0,1,0,0,1,3,4,1,1,1,0,6,8,9
486,1,1,16,1,1,0,4,4,0,1,2,0,1,2,0,1,1,0,0,0,0,0,0,5,3,2,1,3,2,5,10,11,11
487,1,1,16,0,0,0,1,2,2,1,1,0,1,3,0,0,0,0,0,0,0,1,0,4,4,3,1,1,5,0,10,11,11
488,1,0,17,1,0,1,3,2,0,1,0,1,1,2,1,1,0,0,0,0,0,0,1,4,5,4,1,2,5,0,10,10,10
489,1,0,17,1,0,1,1,1,2,1,1,1,1,1,1,1,1,0,0,1,1,1,0,5,4,4,2,2,5,0,6,6,7
490,1,0,15,1,0,1,4,4,4,1,0,0,2,1,0,1,0,0,0,0,0,1,1,1,5,1,3,5,5,0,13,14,14
491,1,0,16,0,1,0,2,2,0,1,3,0,2,4,0,1,0,0,1,1,1,0,1,1,2,1,1,1,1,4,10,9,11
492,1,0,15,1,1,1,1,1,0,2,3,1,2,2,0,1,1,0,0,0,0,1,0,5,4,3,1,2,4,0,10,10,10
493,1,0,15,1,1,1,1,1,2,2,0,0,2,1,1,1,1,0,0,0,0,1,1,4,4,3,1,2,2,4,6,7,8
494,1,0,16,1,0,1,0,2,2,1,1,0,2,1,0,1,1,0,1,0,0,0,0,3,2,3,1,2,2,0,12,11,12
495,1,0,17,1,0,1,2,3,2,1,0,0,2,1,0,1,1,0,0,0,0,1,0,5,5,5,1,3,3,2,10,11,12
496,1,0,15,1,0,1,3,3,2,2,0,1,2,1,0,1,0,0,0,1,0,1,0,4,1,3,1,1,4,0,14,16,16
497,1,1,16,0,0,1,1,1,0,2,2,0,2,2,0,1,1,0,1,0,0,0,1,5,4,5,4,5,3,0,7,0,0
498,1,1,17,0,0,1,1,1,2,1,2,0,1,2,0,1,0,1,0,1,0,1,0,4,4,3,2,4,5,4,8,9,9
499,1,1,15,1,1,1,4,1,1,2,3,1,1,2,0,1,1,0,1,0,0,1,0,5,3,4,1,2,2,0,12,13,14
500,1,1,16,1,0,1,3,4,2,3,1,0,3,2,0,1,0,0,0,1,0,0,0,3,4,5,1,2,5,4,9,10,11
501,1,1,15,1,0,1,1,1,2,1,0,0,4,2,0,1,1,0,1,0,0,0,1,5,4,5,2,4,4,8,7,9,9
502,1,1,15,0,1,1,3,3,0,4,3,1,1,2,0,1,1,0,1,0,0,1,0,5,3,3,1,1,5,0,11,11,11
503,1,1,17,1,0,1,2,1,2,1,1,0,3,1,0,1,0,0,1,0,1,0,1,5,5,5,5,5,3,8,8,10,9
504,1,0,16,1,0,1,4,4,4,0,0,0,2,3,0,1,0,0,1,0,0,1,1,4,2,2,1,1,4,6,16,16,17
505,1,0,15,1,0,1,1,2,2,2,0,0,2,1,0,1,0,0,0,0,0,0,0,5,1,2,1,1,1,3,11,13,13
506,1,0,16,1,0,1,2,3,2,2,0,0,3,2,0,1,1,0,0,0,0,1,0,4,5,4,1,2,1,2,15,15,15
507,1,1,16,1,0,1,1,2,2,1,0,1,2,2,0,1,0,0,0,0,0,0,0,4,3,3,1,1,5,0,10,11,11
508,1,0,16,0,0,1,1,2,2,2,0,0,1,3,1,1,1,0,0,0,0,0,0,1,3,2,1,2,4,0,10,8,8
509,1,0,15,0,0,1,2,1,0,1,2,0,1,2,0,0,1,0,0,1,0,1,0,4,4,2,3,3,2,0,9,10,9
510,1,0,16,0,0,1,1,1,0,1,0,1,1,2,0,1,1,0,0,1,0,0,1,5,4,3,2,1,2,0,13,14,15
511,1,1,17,1,1,1,1,2,0,2,3,0,1,1,0,1,1,0,1,0,0,1,0,5,5,5,5,5,3,4,10,11,11
512,1,0,16,1,0,1,1,1,2,1,2,1,4,4,0,1,1,0,0,1,0,1,0,4,3,2,1,1,1,0,13,10,13
513,1,0,16,1,0,1,1,1,0,1,1,1,4,3,0,0,1,0,0,0,0,0,0,4,4,3,1,1,5,2,10,9,10
514,1,0,15,1,0,1,1,1,0,1,2,1,2,2,0,1,1,0,1,0,0,1,0,4,3,3,1,1,2,1,11,10,11
515,1,0,16,1,0,1,1,1,0,1,1,0,2,1,0,1,0,0,1,0,0,1,1,4,2,2,4,3,2,0,13,12,14
516,1,0,15,1,0,1,1,1,0,4,0,1,3,2,0,1,1,0,0,0,0,0,0,4,2,1,1,2,2,0,13,14,14
517,1,0,15,1,1,1,2,2,2,1,1,1,1,3,0,0,1,0,0,0,0,0,0,4,4,3,2,2,5,2,14,11,12
518,1,1,16,1,0,1,1,1,0,1,1,1,2,1,0,1,0,0,1,0,0,0,0,3,4,4,3,4,5,6,11,11,11
519,1,0,18,0,0,1,1,2,2,1,0,1,1,2,1,1,1,0,1,0,0,1,1,3,4,4,2,3,5,9,9,8,8
520,1,1,15,0,0,1,3,1,2,2,2,0,2,1,0,1,1,0,0,0,0,0,0,3,2,3,1,3,4,0,10,9,11
521,1,0,16,1,0,1,2,2,2,2,0,1,3,2,0,1,1,0,1,0,0,1,0,5,3,4,1,1,2,1,14,13,14
522,1,1,15,0,0,1,2,2,1,1,3,0,3,1,0,1,0,0,0,0,0,0,0,4,3,3,1,2,4,1,13,12,13
523,1,1,16,0,0,1,4,4,2,0,0,1,1,2,0,1,1,0,1,0,0,0,1,4,3,1,1,1,3,0,13,12,13
524,1,0,15,1,0,1,3,3,3,1,3,0,1,2,0,1,1,0,0,0,0,1,1,4,5,4,1,1,1,4,13,12,12
525,1,0,16,1,0,1,2,2,0,1,0,0,2,2,1,1,1,0,1,1,0,0,0,4,4,4,2,3,5,2,12,11,12
526,1,0,16,1,1,1,2,2,2,1,2,1,3,1,0,1,1,0,1,0,0,0,1,4,3,2,1,1,4,0,14,14,16
527,1,1,16,0,1,1,2,1,0,2,0,0,2,1,0,1,1,0,1,0,0,1,0,2,4,3,2,3,4,4,10,8,10
528,1,1,15,1,1,1,1,3,0,1,3,1,3,1,0,1,1,0,1,0,0,1,0,4,2,4,3,5,3,2,10,11,11
529,1,0,15,0,0,1,2,2,2,2,0,0,2,3,0,1,1,0,1,0,0,0,0,5,3,2,1,1,4,0,12,13,14
530,1,0,16,1,1,1,2,1,2,1,2,0,1,1,0,1,1,0,0,0,0,1,1,5,4,3,1,1,5,2,10,8,8
531,1,1,15,0,0,1,3,3,3,2,0,1,2,1,0,1,1,0,1,1,0,1,0,4,3,3,2,4,3,11,12,10,11
532,1,0,16,1,0,1,1,1,0,1,0,1,2,2,3,0,1,0,0,0,0,0,0,3,4,3,1,1,1,0,7,7,8
533,1,0,17,0,0,1,2,2,2,4,0,0,1,1,0,1,1,0,1,0,1,0,0,4,5,3,1,1,5,4,9,9,10
534,1,0,19,0,0,1,2,3,0,2,0,2,1,1,1,1,0,0,0,0,1,1,1,4,4,4,1,1,2,0,9,9,10
535,1,0,17,1,0,1,2,1,0,1,0,0,3,1,0,1,1,0,1,0,1,0,1,5,5,3,1,1,3,2,9,10,11
536,1,0,15,1,1,1,1,1,0,1,0,0,2,1,0,1,1,0,0,0,1,0,1,5,2,1,1,3,4,0,9,10,9
537,1,0,16,0,1,0,2,2,2,1,2,0,1,1,0,1,1,0,0,0,1,0,0,4,3,4,1,2,1,6,7,7,8
538,1,0,17,1,0,1,2,2,0,1,0,0,2,2,0,1,1,0,0,0,0,1,0,4,3,5,1,2,4,0,11,10,11
539,1,0,16,0,0,1,2,2,2,2,0,1,1,1,1,1,1,1,1,1,0,1,0,4,4,3,1,4,3,1,9,10,10
540,1,0,18,1,1,0,3,2,2,1,0,2,2,3,2,1,1,0,0,1,1,0,1,3,3,2,1,1,2,6,7,9,10
541,1,0,19,0,0,1,1,1,0,2,0,0,1,3,1,1,0,0,1,0,1,0,1,5,3,1,1,1,3,6,7,9,9
542,1,1,18,1,0,1,1,1,2,1,2,0,2,1,1,1,0,0,1,0,1,1,0,4,4,3,3,4,4,0,8,9,10
543,1,0,18,1,0,1,1,1,0,4,0,0,2,1,1,1,0,0,0,1,1,1,1,3,2,3,1,1,2,4,9,11,10
544,1,0,19,0,0,1,1,1,2,1,0,2,2,2,1,1,1,0,0,0,0,1,1,1,1,4,4,1,1,12,7,8,9
545,1,0,16,1,0,0,2,2,1,1,0,0,1,2,0,1,0,0,0,1,0,0,1,3,3,2,1,1,3,2,8,10,10
546,1,0,17,0,0,1,0,1,2,4,0,1,2,1,0,1,0,0,1,1,0,0,0,2,4,4,3,5,5,5,9,9,10
547,1,0,16,1,1,1,1,2,0,1,0,0,1,2,0,1,0,0,1,0,1,1,0,4,4,5,1,3,3,0,8,9,9
548,1,0,16,0,0,1,3,3,2,1,3,0,1,1,0,1,0,0,1,0,1,1,1,4,5,4,1,1,4,0,14,13,13
549,1,0,16,1,1,1,1,1,3,2,2,0,1,1,0,1,1,0,1,0,0,1,1,4,4,4,2,2,4,2,14,14,14
550,1,1,17,0,0,1,3,3,3,4,0,0,2,4,1,1,1,1,1,0,0,0,0,5,4,5,3,4,5,0,10,11,10
551,1,0,16,0,0,1,2,1,2,2,0,0,1,2,0,1,1,0,1,0,0,1,0,5,3,3,1,1,1,0,14,13,14
552,1,0,16,0,0,1,2,2,3,1,0,0,1,1,0,1,1,1,1,0,0,0,1,4,2,5,1,2,5,0,17,16,16
553,1,1,17,0,0,1,1,2,2,1,0,1,1,1,1,1,1,0,1,0,1,1,1,5,3,5,5,5,1,12,6,7,7
554,1,1,16,0,1,1,4,3,2,1,0,1,1,1,0,1,0,0,1,0,0,1,0,4,2,5,1,5,5,8,14,12,13
555,1,1,17,1,1,1,2,2,3,2,1,0,3,4,1,1,1,0,0,0,0,0,0,1,3,5,3,5,3,2,10,8,9
556,1,0,16,0,0,1,1,1,2,1,0,2,1,4,0,0,1,0,1,0,0,1,0,2,2,1,1,1,5,0,14,14,14
557,1,0,19,0,1,1,2,2,2,1,2,0,1,3,0,1,0,0,0,0,0,1,1,5,4,5,1,1,1,0,12,13,13
558,1,0,17,1,0,1,1,1,0,1,3,0,2,1,0,1,1,0,1,1,0,1,1,4,4,5,1,2,5,0,11,11,11
559,1,0,20,0,0,1,3,3,0,2,1,0,2,2,1,1,0,0,1,0,0,1,1,3,3,4,2,4,3,8,11,9,10
560,1,0,17,0,1,1,1,1,2,2,0,1,1,3,0,1,1,0,0,0,0,0,1,4,3,3,1,1,3,0,11,11,10
561,1,1,17,1,0,1,2,2,2,1,0,0,3,1,1,1,1,0,0,1,0,1,0,4,4,5,1,2,5,0,10,9,9
562,1,0,16,1,1,1,1,1,0,1,0,1,3,2,0,1,1,0,0,0,0,0,0,5,3,2,1,1,1,0,16,17,18
563,1,0,17,1,0,1,2,2,2,1,3,0,2,2,0,1,1,0,1,0,0,0,0,5,3,2,1,1,1,0,15,17,17
564,1,0,17,0,0,0,1,0,2,1,1,0,2,2,0,1,0,0,0,0,0,1,1,4,4,5,1,1,4,1,11,9,10
565,1,0,18,1,0,1,1,1,0,1,1,0,1,2,1,1,1,0,0,0,0,1,1,4,3,2,1,1,5,9,7,7,7
566,1,0,16,0,0,1,3,1,2,1,0,0,1,1,0,1,0,0,1,0,0,1,0,3,1,3,1,3,1,0,8,6,8
567,1,0,16,0,0,1,3,2,3,4,0,0,1,1,0,1,0,0,0,0,0,1,0,3,1,3,1,4,3,2,7,6,7
568,1,0,18,0,1,1,1,1,2,4,3,0,2,2,0,0,0,0,0,0,0,0,0,2,3,5,1,4,3,8,9,8,10
569,1,0,16,1,0,1,4,4,1,0,3,1,1,2,0,1,0,0,1,1,0,1,1,4,3,3,2,3,2,0,14,16,16
570,1,0,16,1,1,1,1,2,2,1,3,0,2,1,0,1,0,0,1,0,0,1,0,5,4,5,1,4,2,0,14,14,15
571,1,0,18,0,0,0,2,4,2,2,3,1,1,2,1,1,1,0,0,0,0,1,0,2,3,2,1,3,1,8,8,5,8
572,1,1,16,1,0,1,2,1,2,2,3,0,2,2,0,1,0,0,1,0,0,1,0,5,2,1,1,1,2,0,8,7,0
573,1,0,16,0,1,1,1,1,0,1,1,0,3,2,0,1,1,0,0,0,0,1,0,4,3,2,1,3,5,6,6,8,8
574,1,0,16,1,0,1,2,3,0,2,1,0,2,2,0,1,1,0,1,0,0,1,0,3,3,3,1,1,2,0,8,10,10
575,1,0,16,0,0,1,4,4,1,3,0,0,1,2,0,1,1,0,0,0,0,1,1,4,3,4,1,2,3,4,8,8,8
576,1,1,18,0,1,1,4,4,0,3,2,0,1,4,0,1,1,0,1,0,1,1,1,5,5,5,5,5,5,2,5,6,6
577,1,0,16,1,1,1,3,4,0,1,1,0,3,2,0,1,1,0,0,1,0,0,0,4,2,1,1,1,2,2,7,9,8
578,1,1,17,0,1,1,4,4,2,2,2,0,1,3,0,1,1,0,0,0,0,1,0,4,4,3,1,2,5,0,15,14,16
579,1,0,17,1,0,1,4,1,2,1,1,0,1,1,0,1,0,0,0,0,0,1,1,4,2,3,1,2,5,1,13,14,14
580,1,1,16,0,1,1,2,2,3,2,1,0,4,3,0,1,0,0,0,0,0,0,0,5,1,3,2,2,3,0,10,9,10
581,1,0,17,1,0,1,2,2,0,1,1,0,1,1,0,1,1,1,0,0,0,1,0,5,1,3,1,2,5,5,9,9,9
582,1,0,16,0,1,1,4,4,3,2,1,1,2,1,0,1,1,0,0,0,0,0,0,5,1,3,1,2,5,1,11,11,11
583,1,1,17,0,0,1,3,3,3,2,2,0,1,1,0,1,1,0,1,0,0,1,0,4,1,4,5,5,3,8,7,10,9
584,1,1,17,0,0,1,1,1,0,2,1,0,3,2,0,1,0,0,0,0,0,1,1,5,1,3,3,3,1,0,10,10,10
585,1,1,16,0,0,1,2,1,1,2,1,0,2,2,0,1,0,0,0,1,0,1,1,4,2,2,1,4,5,2,9,7,8
586,1,0,16,0,1,1,2,1,2,2,1,0,1,2,0,1,0,0,0,0,0,1,1,3,2,2,1,1,3,0,14,15,16
587,1,1,16,0,1,1,4,4,4,3,1,1,1,1,0,1,1,0,0,0,0,1,0,4,1,2,2,5,5,0,11,12,12
588,1,1,15,1,0,1,1,2,2,2,0,0,3,2,0,1,1,0,1,0,0,0,0,5,5,5,1,3,5,11,9,11,10
589,1,1,15,0,1,0,2,2,2,1,3,0,3,4,0,1,1,0,1,0,0,0,0,5,4,5,2,3,5,8,13,14,14
590,1,1,15,0,1,0,2,1,3,2,0,0,1,1,0,1,0,0,1,0,0,1,0,4,3,3,1,2,5,11,12,13,12
591,1,0,16,1,1,1,2,2,2,1,0,0,1,3,0,1,1,0,0,1,0,0,1,4,3,3,2,2,5,2,11,11,11
592,1,0,16,0,1,1,4,1,2,1,2,0,2,2,0,1,1,0,1,0,0,1,0,1,2,4,2,2,1,8,9,10,10
593,1,0,17,0,0,1,3,2,0,1,2,0,2,1,0,1,0,0,0,0,0,0,1,4,3,3,2,2,1,5,9,11,11
594,1,0,17,1,0,1,2,2,2,1,1,0,2,2,0,0,0,1,0,0,0,0,0,5,1,3,1,1,5,0,11,9,11
595,1,0,16,0,0,1,4,4,4,2,0,0,2,3,0,1,1,0,0,0,0,1,1,5,3,5,1,4,5,1,10,11,12
596,1,1,17,1,0,1,4,4,1,1,0,1,3,1,3,1,0,0,1,0,0,1,1,3,3,3,1,3,5,2,9,9,8
597,1,1,17,1,1,1,1,3,2,1,0,1,2,1,0,1,0,0,1,0,0,0,1,5,1,2,3,3,5,2,12,11,12
598,1,1,17,0,0,1,3,4,3,1,1,0,1,2,1,1,1,0,1,1,0,1,1,5,4,4,3,4,5,8,8,9,8
599,1,0,17,0,0,1,4,4,1,3,0,1,1,2,0,1,1,0,0,0,0,1,0,5,2,5,1,1,5,0,13,15,16
600,1,1,16,1,1,1,4,1,2,4,1,1,1,1,0,1,0,0,0,0,0,1,0,4,1,2,2,1,2,0,10,11,11
601,1,0,17,0,0,0,1,1,0,4,1,0,1,2,0,1,0,0,1,0,0,1,1,4,5,5,1,2,3,2,11,10,11
602,1,0,17,1,0,1,4,2,2,1,0,0,2,2,0,0,1,0,0,1,0,1,0,4,3,3,2,3,5,0,17,18,18
603,1,1,16,0,1,0,2,2,2,2,0,1,2,2,0,1,1,0,0,1,0,1,1,4,1,2,2,2,5,0,12,13,13
604,1,1,17,0,0,1,3,2,2,1,1,1,2,2,0,1,1,1,0,0,0,1,0,4,1,2,2,2,1,0,13,14,13
605,1,1,19,0,0,1,1,1,2,1,1,0,1,2,2,1,1,0,1,0,1,1,0,4,4,3,3,4,4,2,9,9,10
606,1,1,17,0,1,0,1,0,2,1,2,0,1,1,0,1,0,0,0,0,0,0,1,4,1,2,1,1,5,4,11,11,12
607,1,0,17,1,0,1,1,1,0,4,0,1,2,1,0,1,1,0,1,0,1,1,1,3,5,5,2,2,4,3,10,11,10
608,1,0,16,1,0,1,1,2,2,1,2,1,1,3,0,0,1,0,0,1,0,1,1,4,3,4,1,1,3,5,13,14,13
609,1,1,16,1,1,1,1,2,2,4,0,0,1,1,0,1,0,0,0,0,0,0,0,4,4,4,2,4,5,4,9,10,11
610,1,0,17,1,0,1,3,1,2,1,0,0,2,2,3,1,1,0,1,1,0,1,1,5,4,4,1,1,5,2,7,9,10
611,1,1,17,1,0,1,2,2,2,1,0,0,2,1,0,1,0,0,1,0,1,0,1,5,5,5,3,5,5,0,8,13,10
612,1,1,18,1,0,1,1,0,0,4,0,2,3,1,1,0,1,0,0,0,0,0,0,4,3,2,1,1,4,0,12,12,13
613,1,1,17,1,0,1,1,1,2,2,0,0,2,1,0,1,1,0,1,1,0,1,1,4,5,5,1,3,2,0,10,9,10
614,1,1,18,0,1,1,1,1,0,4,0,0,2,2,0,1,1,0,1,0,0,0,0,4,3,3,1,4,5,6,10,9,10
615,1,0,16,1,1,1,2,2,2,2,0,1,1,2,0,1,0,0,1,0,0,0,1,5,4,3,1,1,1,0,11,13,12
616,1,1,17,0,0,1,2,2,2,1,0,0,1,1,1,1,0,0,1,0,0,0,1,1,2,1,2,3,5,0,7,0,0
617,1,1,16,1,0,1,3,2,3,1,0,1,2,1,0,1,0,0,0,0,0,1,0,4,5,5,2,3,5,2,11,9,10
618,1,1,16,1,1,1,1,1,0,1,0,0,2,1,0,1,0,0,1,0,0,1,0,4,5,5,2,4,5,0,10,10,9
619,1,1,18,1,0,1,1,1,3,1,0,2,2,1,1,1,1,0,0,0,1,1,1,5,3,3,2,3,5,2,9,7,9
620,1,1,18,1,0,1,3,2,3,1,0,0,1,1,1,1,0,0,0,0,1,1,0,2,3,1,2,2,5,0,4,0,0
621,1,1,19,0,0,1,3,2,0,2,0,0,2,1,3,1,0,0,1,0,0,0,0,3,2,1,1,1,3,4,6,11,9
622,1,1,18,0,0,1,3,3,0,4,0,0,1,2,2,1,1,0,1,0,1,1,0,4,4,5,1,3,3,9,4,8,8
623,1,1,16,1,0,1,2,2,3,2,0,0,2,1,0,1,1,0,1,0,0,1,1,5,4,3,2,4,4,6,7,8,8
624,1,1,19,0,0,1,2,1,0,1,0,2,2,1,3,1,0,0,1,1,1,1,1,4,4,3,1,3,5,4,8,9,9
625,1,0,16,0,0,0,3,2,3,4,0,0,2,2,2,1,1,0,1,0,0,0,1,2,5,5,1,1,1,8,5,5,7
626,1,0,17,0,0,1,1,1,2,4,0,0,1,1,0,1,1,0,1,0,0,0,0,4,3,2,1,2,5,9,7,9,10
627,1,1,20,1,0,1,1,1,2,1,0,2,2,1,1,1,1,0,0,0,1,1,1,4,4,3,2,4,4,12,8,11,10
628,1,0,18,1,0,0,4,3,3,2,0,0,1,1,0,1,1,0,0,0,0,1,0,5,4,4,3,4,2,8,10,11,10
629,1,0,18,0,0,0,1,2,0,1,0,0,2,2,2,1,1,0,0,0,0,0,0,4,3,3,1,1,5,2,6,8,8
630,1,0,19,0,1,0,1,1,0,1,0,0,1,1,0,1,1,0,0,0,1,0,0,1,4,4,1,1,5,0,6,8,7
631,1,0,18,1,0,1,2,2,2,1,1,0,2,1,1,1,0,0,0,0,1,1,1,5,5,5,1,1,3,0,8,6,0
632,1,0,17,1,0,1,0,0,0,1,0,0,2,1,0,1,1,0,0,0,0,1,0,4,4,3,1,1,5,0,10,11,11
633,1,0,17,1,1,0,3,1,2,4,0,2,2,3,0,1,1,1,0,0,1,0,0,4,2,3,2,2,3,5,8,7,8
634,1,0,17,0,0,1,4,2,4,2,2,0,1,2,0,0,1,0,1,0,0,1,0,5,5,5,1,3,5,0,8,8,0
635,1,0,18,1,1,1,2,2,3,2,0,0,1,2,1,1,1,0,1,0,0,1,0,2,3,3,1,2,4,3,7,6,8
636,1,0,17,0,0,1,4,1,1,4,0,0,1,1,0,1,1,0,0,0,0,0,1,3,2,2,1,1,5,0,8,10,9
637,1,0,17,0,1,1,1,2,0,1,0,1,1,1,0,1,0,0,0,0,0,1,0,5,5,1,1,1,3,0,7,10,10
638,1,0,18,0,0,1,2,2,3,4,3,1,2,2,0,1,0,0,1,1,0,1,0,4,3,5,1,1,1,2,12,13,14
639,1,0,17,0,0,1,3,3,3,2,0,0,2,1,0,1,1,0,0,0,0,1,0,4,4,3,1,1,4,0,11,12,13
640,1,0,18,0,1,0,1,2,0,1,3,0,2,2,0,1,0,0,0,0,0,1,0,4,4,3,1,2,4,0,12,13,14
641,1,0,18,0,0,1,4,4,4,0,3,0,2,2,0,1,0,0,1,1,0,1,0,4,3,5,1,2,1,0,18,18,18
642,1,1,18,0,1,1,4,4,3,1,3,0,1,1,0,1,1,0,1,0,0,1,0,5,4,5,1,1,5,3,17,17,17
643,1,0,17,0,0,1,4,2,2,1,0,0,2,2,0,1,1,0,0,0,0,1,0,4,3,3,1,2,4,0,17,18,18
644,1,0,18,1,0,1,2,2,0,1,0,0,3,2,1,1,0,0,1,0,0,0,1,4,3,3,1,1,4,0,9,0,0
645,1,1,18,0,1,1,1,2,0,2,2,0,2,1,0,1,1,0,0,1,0,0,0,4,1,4,5,5,1,8,10,11,11
646,1,1,18,1,0,1,4,4,0,2,1,0,3,1,0,1,1,1,1,0,0,1,1,2,5,5,1,1,1,5,12,13,14
647,1,1,17,1,0,1,1,1,2,2,1,1,3,1,0,1,0,0,0,1,1,0,0,4,2,3,3,4,4,4,12,13,14
648,1,0,18,0,0,1,2,2,2,1,0,0,2,2,0,1,1,0,0,1,0,1,1,1,3,1,1,1,2,4,8,8,10
649,1,0,18,0,1,1,2,2,3,2,0,1,2,3,0,1,0,0,0,0,0,1,1,5,4,5,1,4,3,0,11,12,13
650,1,0,18,1,1,0,4,2,4,1,3,0,1,2,0,1,0,0,1,0,0,1,1,5,3,1,1,1,5,0,5,0,0
651,1,0,18,0,0,1,1,1,0,2,0,0,3,2,1,1,0,0,0,0,1,0,0,4,4,2,1,2,2,2,9,10,10
652,1,0,19,0,0,1,1,1,0,2,1,1,2,1,1,1,0,0,0,0,1,0,0,5,5,5,2,3,2,0,5,0,0
653,1,0,17,0,0,1,4,2,4,1,0,1,2,4,0,1,0,0,0,0,0,1,1,4,2,3,3,1,5,0,18,18,18
654,1,0,17,1,1,0,2,1,3,1,3,0,2,2,0,1,0,0,1,0,0,1,1,5,3,3,1,2,2,5,11,11,12
655,1,0,18,0,1,0,1,1,0,2,0,0,1,2,0,1,0,0,0,0,0,0,1,5,2,3,1,2,3,2,8,10,11
656,1,0,18,0,0,1,1,2,0,4,0,1,2,2,0,1,1,0,0,0,1,0,0,4,1,1,1,1,4,0,11,11,12
657,1,0,19,1,0,0,1,1,0,4,0,2,2,2,3,1,1,0,1,0,1,0,1,3,5,4,1,4,1,0,8,0,0
658,1,0,18,1,0,1,2,2,3,1,2,0,2,3,0,1,0,0,0,0,0,1,1,4,2,1,1,1,4,5,14,14,15
659,1,0,18,1,1,0,1,2,0,1,0,0,3,2,0,1,0,0,0,0,0,0,1,4,3,4,1,4,5,0,16,15,15
660,1,0,19,1,0,1,1,1,0,1,0,2,2,2,1,1,1,0,0,0,0,1,1,4,3,3,1,1,3,4,7,8,9
661,1,0,17,0,0,1,4,3,4,1,1,0,2,2,0,1,0,0,0,0,0,1,0,5,5,4,1,1,1,0,6,9,11
