,school,sex,age,address,famsize,pstatus,medu,fedu,mjob,fjob,reason,guardian,traveltime,studytime,failures,schoolsup,famsup,paid,activities,nursery,higher,internet,romantic,famrel,freetime,goout,dalc,walc,health,absences,g1,g2,g3,approve
0,0,0,18,0,0,0,4,4,0,0,0,0,2,2,0,0,0,0,0,0,0,0,0,4,3,4,1,1,3,6,5,6,6,0
1,0,0,17,0,0,1,1,1,0,1,0,1,1,2,0,1,1,0,0,1,0,1,0,5,3,3,1,1,3,4,5,5,6,0
2,0,0,15,0,1,1,1,1,0,1,1,0,1,2,3,0,0,1,0,0,0,1,0,4,3,2,2,3,3,10,7,8,10,0
3,0,0,15,0,0,1,4,2,1,2,2,0,1,3,0,1,1,1,1,0,0,1,1,3,2,2,1,1,5,2,15,14,15,1
4,0,0,16,0,0,1,3,3,2,1,2,1,1,2,0,1,1,1,0,0,0,0,0,4,3,2,1,2,5,4,6,10,10,0
5,0,1,16,0,1,1,4,3,3,1,3,0,1,2,0,1,1,1,1,0,0,1,0,5,4,2,1,2,5,10,15,15,15,1
6,0,1,16,0,1,1,2,2,2,1,2,0,1,2,0,1,0,0,0,0,0,1,0,4,4,4,1,1,3,0,12,12,11,1
7,0,0,17,0,0,0,4,4,2,0,2,0,2,2,0,0,1,0,0,0,0,0,0,4,1,4,1,1,1,6,6,5,6,0
8,0,1,15,0,1,0,3,2,3,1,2,0,1,2,0,1,1,1,0,0,0,1,0,4,2,2,1,1,1,0,16,18,19,1
9,0,1,15,0,0,1,3,4,2,1,2,0,1,2,0,1,1,1,1,0,0,1,0,5,5,1,1,1,5,0,14,15,15,1
10,0,0,15,0,0,1,4,4,4,3,3,0,1,2,0,1,1,1,0,0,0,1,0,3,3,3,1,2,2,0,10,8,9,0
11,0,0,15,0,0,1,2,1,3,1,3,1,3,3,0,1,1,0,1,0,0,1,0,5,2,2,1,1,4,4,10,12,12,1
12,0,1,15,0,1,1,4,4,1,2,0,1,1,1,0,1,1,1,1,0,0,1,0,4,3,3,1,3,5,2,14,14,14,1
13,0,1,15,0,0,1,4,3,4,1,0,0,2,2,0,1,1,1,0,0,0,1,0,5,4,3,1,2,3,2,10,10,11,1
14,0,1,15,0,0,0,2,2,2,1,2,2,1,3,0,1,1,0,0,0,0,1,1,4,5,2,1,1,3,0,14,16,16,1
15,0,0,16,0,0,1,4,4,1,1,2,0,1,1,0,1,1,0,0,0,0,1,0,4,4,4,1,2,2,4,14,14,14,1
16,0,0,16,0,0,1,4,4,3,2,3,0,1,3,0,1,1,1,1,0,0,1,0,3,2,3,1,2,2,6,13,14,14,1
17,0,0,16,0,0,1,3,3,2,1,3,0,3,2,0,0,1,0,1,0,0,0,0,5,3,2,1,1,4,4,8,10,10,0
18,0,1,17,0,0,1,3,2,3,2,0,0,1,1,3,1,1,0,1,0,0,1,0,5,5,5,2,4,5,16,6,5,5,0
19,0,1,16,0,1,1,4,3,1,1,2,1,1,1,0,1,0,1,1,0,0,1,0,3,1,3,1,3,5,4,8,10,10,0
20,0,1,15,0,0,1,4,3,4,1,3,0,1,2,0,1,0,0,0,0,0,1,0,4,4,1,1,1,1,0,13,14,15,1
21,0,1,15,0,0,1,4,4,1,3,1,1,1,1,0,1,1,1,0,0,0,1,0,5,4,2,1,1,5,0,12,15,15,1
22,0,1,16,0,1,1,4,2,4,1,0,0,1,2,0,1,0,0,1,0,0,1,0,4,5,1,1,3,5,2,15,15,16,1
23,0,1,16,0,1,1,2,2,2,1,3,0,2,2,0,1,1,0,1,0,0,1,0,5,4,4,2,4,5,0,13,13,12,1
24,0,0,15,1,0,1,2,4,3,3,0,0,1,3,0,0,1,1,1,0,0,1,0,4,3,2,1,1,5,2,10,9,8,0
25,0,0,16,0,0,1,2,2,3,2,2,0,1,1,2,1,1,1,0,1,0,1,0,1,2,2,1,3,5,14,6,9,8,0
26,0,1,15,0,0,1,2,2,2,1,2,0,1,1,0,1,1,1,0,0,0,1,0,4,2,2,1,2,5,2,12,12,11,1
27,0,1,15,0,0,1,4,2,1,2,1,0,1,1,0,1,0,1,0,0,0,1,0,2,2,4,2,4,1,4,15,16,15,1
28,0,1,16,0,1,0,3,4,3,1,2,0,1,2,0,0,1,0,1,0,0,1,0,5,3,3,1,1,5,4,11,11,11,1
29,0,1,16,0,0,1,4,4,4,0,2,0,1,2,0,1,1,1,1,0,0,1,1,4,4,5,5,5,5,16,10,12,11,1
30,0,1,15,0,0,1,4,4,1,2,2,0,1,2,0,1,1,1,0,1,0,1,0,5,4,2,3,4,5,0,9,11,12,1
31,0,1,15,0,0,1,4,4,3,2,3,0,2,2,0,1,1,0,1,0,0,1,0,4,3,1,1,1,5,0,17,16,17,1
32,0,1,15,1,0,1,4,3,4,4,0,0,1,2,0,1,1,0,1,0,0,1,1,4,5,2,1,1,5,0,17,16,16,1
33,0,1,15,0,1,1,3,3,2,1,0,0,1,2,0,1,0,0,1,1,0,1,0,5,3,2,1,1,2,0,8,10,12,1
34,0,1,16,0,0,1,3,2,2,1,2,0,1,1,0,1,1,1,0,1,0,1,0,5,4,3,1,1,5,0,12,14,15,1
35,0,0,15,0,0,1,2,3,2,1,1,1,2,1,0,1,1,0,1,0,0,0,0,3,5,1,1,1,5,0,8,7,6,0
36,0,1,15,0,1,1,4,3,4,2,2,0,1,3,0,1,1,0,1,0,0,1,0,5,4,3,1,1,4,2,15,16,18,1
37,0,1,16,1,0,0,4,4,2,0,3,0,2,3,0,1,1,0,1,0,0,1,1,2,4,3,1,1,5,7,15,16,15,1
38,0,0,15,1,0,1,3,4,3,3,0,0,1,3,0,0,1,1,1,0,0,1,0,4,3,2,1,1,5,2,12,12,11,1
39,0,0,15,1,0,1,2,2,0,1,3,0,1,1,0,0,1,1,1,0,0,0,0,4,3,1,1,1,2,8,14,13,13,1
40,0,0,16,0,1,1,2,2,2,1,2,0,2,2,1,1,1,0,1,1,0,1,1,3,3,3,1,2,3,25,7,10,11,0
41,0,1,15,0,1,1,4,4,4,1,2,2,1,1,0,1,1,0,0,1,0,1,1,5,4,3,2,4,5,8,12,12,12,1
42,0,1,15,0,0,1,4,4,3,0,0,1,1,2,0,1,1,0,1,0,0,1,0,4,3,3,1,1,5,2,19,18,18,1
43,0,1,15,0,0,1,2,2,3,2,0,1,1,1,0,0,1,0,0,0,0,1,0,5,4,1,1,1,1,0,8,8,11,0
44,0,0,16,0,1,1,2,2,2,4,0,1,2,2,1,0,0,0,1,0,0,1,0,4,3,3,2,2,5,14,10,10,9,0
45,0,0,15,0,1,0,4,3,2,1,0,0,1,2,0,0,1,1,1,0,0,1,1,5,2,2,1,1,5,8,8,8,6,0
46,0,0,16,0,1,0,3,3,2,2,2,0,1,2,0,1,1,0,0,0,0,1,0,2,3,5,1,4,3,12,11,12,11,1
47,0,1,16,0,0,1,4,3,1,2,3,0,1,4,0,1,0,0,1,0,0,1,0,4,2,2,1,1,2,4,19,19,20,1
48,0,1,15,0,0,1,4,2,4,1,2,0,1,2,0,1,1,1,0,0,0,0,0,4,3,3,2,2,5,2,15,15,14,1
49,0,0,15,0,0,1,4,4,3,0,1,1,1,2,1,0,1,0,1,1,0,1,0,4,4,4,1,1,3,2,7,7,7,0
50,0,0,16,0,1,1,2,2,3,2,0,0,3,2,0,1,1,1,0,0,0,1,0,4,3,3,2,3,4,2,12,13,13,1
51,0,0,15,0,1,1,4,2,1,1,1,0,1,2,0,1,1,1,0,0,0,1,0,4,3,3,1,1,5,2,11,13,13,1
52,0,1,15,0,1,0,4,2,1,3,1,1,2,1,1,1,0,0,0,0,0,0,0,5,5,5,3,4,5,6,11,11,10,1
53,0,0,15,0,0,1,4,4,3,2,0,0,1,1,0,0,1,1,0,0,0,1,0,3,3,4,2,3,5,0,8,10,11,1
54,0,0,15,0,1,0,3,3,2,1,1,0,1,1,0,1,0,1,0,0,0,1,0,5,3,4,4,4,1,6,10,13,13,1
55,0,0,16,0,0,0,2,1,2,1,1,0,1,2,0,1,0,1,1,0,0,1,1,5,3,4,1,1,2,8,8,9,10,0
56,0,0,15,0,0,0,4,3,3,2,3,0,1,2,0,1,1,1,1,0,0,1,0,4,3,2,1,1,1,0,14,15,15,1
57,0,1,15,0,0,1,4,4,4,3,3,0,1,2,0,1,1,0,1,0,0,0,0,3,2,2,1,1,5,4,14,15,15,1
58,0,1,15,0,1,1,1,2,2,4,2,1,1,2,0,0,1,0,1,0,0,1,0,4,3,2,1,1,5,2,9,10,9,0
59,0,0,16,0,0,1,4,2,3,1,0,0,1,2,0,1,1,0,0,0,0,1,0,4,2,3,1,1,5,2,15,16,16,1
60,0,0,16,1,0,1,4,4,1,0,1,0,1,2,0,1,1,0,1,0,0,0,0,2,4,4,2,3,4,6,10,11,11,1
61,0,0,16,0,0,1,1,1,3,2,0,1,4,1,0,0,1,0,1,1,0,1,1,5,5,5,5,5,5,6,10,8,11,0
62,0,0,16,0,1,1,1,2,2,2,3,1,1,2,0,0,0,0,1,0,0,1,0,4,4,3,1,1,1,4,8,10,9,0
63,0,0,16,0,0,1,4,3,4,3,2,0,1,3,0,0,1,1,1,0,0,1,0,3,4,4,2,4,4,2,10,9,9,0
64,0,0,15,0,1,1,4,3,3,2,3,1,1,2,0,0,0,0,1,0,0,1,1,4,4,4,2,4,2,0,10,10,10,0
65,0,0,16,0,1,1,4,3,4,2,0,0,3,2,0,1,1,0,1,0,0,1,0,5,4,3,1,2,1,2,16,15,15,1
66,0,1,15,0,0,0,4,4,2,2,3,0,1,4,0,1,1,0,1,1,0,1,1,1,3,3,5,5,3,4,13,13,12,1
67,0,0,16,0,0,1,3,1,3,1,0,0,1,4,0,0,1,1,0,0,0,1,0,4,3,3,1,2,5,4,7,7,6,0
68,0,0,15,1,1,1,2,2,1,2,3,0,2,2,0,0,1,1,0,0,0,1,0,4,1,3,1,3,4,2,8,9,8,0
69,0,0,15,1,1,1,3,1,2,1,3,1,2,4,0,1,1,0,0,1,0,1,0,4,4,2,2,3,3,12,16,16,16,1
70,0,1,16,0,0,1,3,1,2,1,3,1,2,4,0,1,1,1,0,0,0,1,0,4,3,2,1,1,5,0,13,15,15,1
71,0,1,15,0,0,1,4,2,2,1,0,0,1,4,0,1,0,0,0,0,0,1,0,3,3,3,1,1,3,0,10,10,10,0
72,0,0,15,1,0,1,1,1,2,1,3,0,1,2,2,0,1,0,0,1,0,1,1,3,3,4,2,4,5,2,8,6,5,0
73,0,1,16,0,0,1,3,1,2,1,3,0,1,1,0,1,0,0,1,0,0,0,0,5,3,2,2,2,5,2,12,12,14,1
74,0,0,16,0,0,1,3,3,2,2,2,0,1,2,0,0,1,1,1,0,0,1,0,4,3,3,2,4,5,54,11,12,11,1
75,0,1,15,0,0,1,4,3,4,1,2,0,1,2,0,1,1,1,1,0,0,1,0,4,3,3,2,3,5,6,9,9,10,0
76,0,1,15,0,0,1,4,0,4,1,0,0,2,4,0,1,0,0,1,0,0,1,0,3,4,3,1,1,1,8,11,11,10,1
77,0,0,16,0,0,1,2,2,2,1,3,0,1,4,0,1,0,1,0,0,0,1,1,5,2,3,1,3,3,0,11,11,11,1
78,0,1,17,0,0,1,2,1,2,1,2,0,2,1,3,0,1,0,1,0,1,1,0,4,5,1,1,1,3,2,8,8,10,0
79,0,0,16,0,0,1,3,4,0,1,0,0,1,2,0,1,1,0,0,0,0,1,0,2,4,3,1,2,3,12,5,5,5,0
80,0,1,15,0,0,1,2,3,2,2,0,1,1,1,0,0,1,1,1,1,0,1,1,3,2,2,1,3,3,2,10,12,12,1
81,0,1,15,0,0,1,2,3,2,1,2,0,1,3,0,0,0,1,0,1,0,1,0,5,3,2,1,2,5,4,11,10,11,1
82,0,0,15,0,1,1,3,2,3,1,3,0,1,2,0,1,1,1,0,0,0,1,0,4,4,4,1,1,5,10,7,6,6,0
83,0,1,15,0,1,1,2,2,3,2,2,0,2,2,0,1,0,1,1,0,0,1,0,5,3,3,1,3,4,4,15,15,15,1
84,0,0,15,0,0,1,1,1,2,1,2,1,1,2,0,1,1,0,1,1,0,1,0,4,3,2,2,3,4,2,9,10,10,0
85,0,0,15,0,0,1,4,4,3,2,3,1,2,2,2,1,0,1,0,0,0,1,1,4,4,4,2,3,5,6,7,9,8,0
86,0,0,16,0,1,1,2,2,0,1,0,0,1,2,0,1,1,0,0,0,0,0,0,4,3,4,1,2,2,4,8,7,6,0
87,0,0,15,0,0,1,4,2,2,1,3,0,1,3,0,1,1,0,1,0,0,1,0,5,3,3,1,3,1,4,13,14,14,1
88,0,1,16,0,0,1,2,2,3,1,3,1,2,2,1,1,0,1,1,1,0,1,0,4,4,2,1,1,3,12,11,10,10,1
89,0,1,16,0,1,0,4,4,4,3,3,0,1,2,0,1,1,0,0,0,0,0,0,4,1,3,3,5,5,18,8,6,7,0
90,0,0,16,0,0,1,3,3,2,1,2,0,1,3,0,1,1,1,0,0,0,1,1,4,3,3,1,3,4,0,7,7,8,0
91,0,0,15,0,0,1,4,3,3,1,3,0,1,1,0,1,0,1,1,0,0,1,0,4,5,5,1,3,1,4,16,17,18,1
92,0,0,16,0,1,1,3,1,2,1,2,1,1,2,0,0,1,0,0,0,0,0,0,3,3,3,2,3,2,4,7,6,6,0
93,0,0,16,0,0,1,4,2,4,2,2,0,2,2,0,1,1,1,1,0,0,1,0,5,3,3,1,1,1,0,11,10,10,1
94,0,1,15,0,1,1,2,2,3,3,3,0,1,4,0,1,1,0,1,0,0,1,0,4,3,4,1,1,4,6,11,13,14,1
95,0,0,15,1,0,1,1,1,0,1,2,0,2,4,1,0,1,1,1,0,0,1,0,3,1,2,1,1,1,2,7,10,10,0
96,0,1,16,1,0,1,4,3,3,1,3,0,2,1,0,0,1,0,1,1,0,1,0,3,3,3,1,1,4,2,11,15,15,1
97,0,0,16,0,0,1,2,1,2,1,0,0,1,2,0,1,1,1,0,0,0,0,1,4,3,5,1,1,5,2,8,9,10,0
98,0,0,16,0,0,1,4,4,2,1,3,0,1,1,0,1,0,0,1,1,0,1,0,5,3,4,1,2,1,6,11,14,14,1
99,0,0,16,0,0,1,4,3,2,4,0,0,1,3,0,0,1,1,0,0,0,1,0,5,3,5,1,1,3,0,7,9,8,0
100,0,1,16,0,0,1,4,4,3,2,1,0,1,1,0,0,1,1,1,0,0,1,0,4,5,5,5,5,4,14,7,7,5,0
101,0,1,16,0,0,1,4,4,3,0,1,1,1,3,0,1,1,0,1,0,0,1,1,4,4,3,1,1,4,0,16,17,17,1
102,0,1,15,0,0,1,4,4,3,1,0,0,1,1,0,1,1,0,1,1,0,1,0,5,3,3,1,1,5,4,10,13,14,1
103,0,0,15,0,0,1,3,2,3,1,2,0,2,2,0,0,1,1,0,0,0,1,0,4,3,5,1,1,2,26,7,6,6,0
104,0,1,15,0,0,0,3,4,3,1,0,0,1,2,0,1,1,1,1,0,0,1,0,5,4,4,1,1,1,0,16,18,18,1
105,0,0,15,0,0,0,3,3,2,3,3,1,1,4,0,0,0,0,0,0,0,0,0,4,3,3,1,1,4,10,10,11,11,1
106,0,0,15,0,0,1,2,2,2,1,0,0,1,4,0,0,1,1,0,0,0,1,0,5,1,2,1,1,3,8,7,8,8,0
107,0,1,16,0,0,1,3,3,3,1,2,1,1,3,0,1,1,0,1,0,0,1,0,5,3,3,1,1,5,2,16,18,18,1
108,0,1,15,1,0,1,4,4,2,1,2,1,4,4,0,1,1,1,1,0,0,1,1,1,3,5,3,5,1,6,10,13,13,1
109,0,0,16,0,1,1,4,4,1,3,1,0,1,3,0,1,1,1,1,0,0,1,1,5,4,5,1,1,4,4,14,15,16,1
110,0,1,15,0,1,0,4,4,4,0,0,0,1,1,0,1,0,0,1,0,0,1,0,5,5,3,1,1,4,6,18,19,19,1
111,0,0,16,1,0,1,3,3,3,1,3,1,1,3,1,0,1,0,1,0,0,1,0,4,1,2,1,1,2,0,7,10,10,0
112,0,0,16,0,0,1,2,2,0,1,2,0,1,2,1,0,0,0,1,0,0,1,0,3,1,2,1,1,5,6,10,13,13,1
113,0,1,15,0,1,1,4,2,4,1,0,0,1,1,0,1,0,0,0,0,0,1,0,3,5,2,1,1,3,10,18,19,19,1
114,0,1,15,1,0,1,2,1,1,2,3,0,1,2,0,1,0,0,1,0,0,1,1,5,4,2,1,1,5,8,9,9,9,0
115,0,1,16,0,0,1,4,4,4,0,0,1,1,2,0,1,1,0,1,0,0,1,0,5,4,4,1,2,5,2,15,15,16,1
116,0,1,15,0,0,1,4,4,2,0,3,1,2,2,0,1,1,0,1,0,0,0,0,4,4,3,1,1,2,2,11,13,14,1
117,0,1,16,0,0,1,3,3,2,2,2,1,2,1,0,1,0,0,1,0,0,1,0,5,4,2,1,1,5,0,13,14,13,1
118,0,1,17,1,0,1,1,3,2,1,0,1,3,2,1,1,1,0,1,0,0,1,0,5,2,4,1,4,5,20,9,7,8,0
119,0,1,15,0,0,1,3,4,2,1,3,1,1,1,0,1,0,0,0,0,0,1,0,3,4,3,1,2,4,6,14,13,13,1
120,0,0,15,0,0,1,1,2,0,2,0,0,1,2,0,1,0,0,0,1,0,1,0,3,2,3,1,2,1,2,16,15,15,1
121,0,1,15,0,0,1,2,2,3,2,2,1,1,4,0,1,1,1,1,0,0,1,0,5,5,4,1,2,5,6,16,14,15,1
122,0,0,16,0,1,1,2,4,2,3,0,1,2,2,0,1,1,1,1,0,0,1,1,4,2,2,1,2,5,2,13,13,13,1
123,0,1,16,0,0,1,4,4,1,1,0,0,1,1,0,1,1,0,1,0,0,1,0,3,4,4,1,4,5,18,14,11,13,1
124,0,0,16,0,0,1,2,2,2,1,2,0,1,2,0,1,0,1,0,0,0,1,1,5,4,4,1,1,5,0,8,7,8,0
125,0,1,15,0,0,1,3,4,3,2,2,1,1,1,0,0,0,0,0,0,0,1,0,5,5,5,3,2,5,0,13,13,12,1
126,0,0,15,0,1,0,3,4,2,1,2,0,1,2,0,0,0,0,1,0,0,1,1,5,3,2,1,1,1,0,7,10,11,0
127,0,0,19,0,0,1,0,1,0,1,0,2,1,2,3,1,1,0,0,1,1,0,0,3,4,2,1,1,5,2,7,8,9,0
128,0,1,18,1,0,1,2,2,3,1,3,0,1,1,2,1,1,0,1,0,0,1,0,3,3,3,1,2,4,0,7,4,0,0
129,0,1,16,1,0,1,4,4,4,0,0,0,1,1,0,1,0,1,1,0,0,1,0,3,5,5,2,5,4,8,18,18,18,1
130,0,0,15,1,0,1,3,4,3,0,0,1,2,3,2,1,1,0,0,0,0,1,1,4,2,2,2,2,5,0,12,0,0,0
131,0,0,15,0,0,1,1,1,0,1,0,0,3,1,0,1,1,0,1,1,0,1,1,4,3,3,1,2,4,0,8,0,0,0
132,0,0,17,0,1,1,2,2,2,1,0,1,1,1,0,1,1,0,0,0,0,1,1,3,4,4,1,3,5,12,10,13,12,1
133,0,0,16,0,0,0,3,4,3,1,0,1,1,1,0,1,0,0,0,0,0,1,0,3,2,1,1,4,5,16,12,11,11,1
134,0,1,15,1,0,1,3,4,0,0,0,0,4,2,0,1,1,0,0,0,0,0,1,5,3,3,1,1,5,0,9,0,0,0
135,0,0,15,0,0,1,4,4,3,4,0,0,1,3,0,1,1,0,1,0,0,1,1,4,3,3,1,1,5,0,11,0,0,0
136,0,1,17,1,0,1,3,4,0,1,0,0,3,2,0,1,0,0,0,0,0,0,0,5,4,5,2,4,5,0,10,0,0,0
137,0,0,16,0,0,0,3,3,2,1,0,2,2,1,2,1,1,0,1,1,0,1,1,4,3,2,1,1,5,0,4,0,0,0
138,0,1,16,0,1,1,1,1,3,1,0,0,1,2,1,1,0,0,0,0,0,0,1,4,4,4,1,3,5,0,14,12,12,1
139,0,0,15,0,0,1,4,4,4,0,0,0,2,1,0,1,0,0,1,0,0,1,0,4,3,2,1,1,5,0,16,16,15,1
140,0,1,15,0,0,1,4,3,4,2,0,1,2,4,0,0,1,0,0,0,0,1,0,2,2,2,1,1,3,0,7,9,0,0
141,0,1,16,0,1,1,2,2,3,2,3,1,2,1,2,1,1,0,1,0,0,1,0,2,3,3,2,2,2,8,9,9,9,0
142,0,0,15,0,0,1,4,4,4,2,0,0,1,3,0,1,1,1,1,0,0,1,0,4,2,2,1,1,5,2,9,11,11,1
143,0,0,16,0,1,1,1,1,0,4,0,0,1,1,0,1,0,0,0,0,0,1,0,3,4,4,3,3,1,2,14,14,13,1
144,0,0,15,0,0,1,1,1,2,2,0,1,1,2,0,1,1,1,0,0,0,1,0,4,4,2,1,2,5,0,8,11,11,1
145,0,0,15,0,0,1,3,2,1,2,2,1,1,2,3,1,1,0,0,0,0,1,0,3,3,2,1,1,3,0,6,7,0,0
146,0,0,15,0,0,1,1,2,0,1,0,0,1,2,0,1,1,1,0,1,0,1,0,4,3,2,1,1,5,2,10,11,11,1
147,0,1,15,0,1,0,2,1,3,1,0,0,4,1,3,1,0,0,0,0,0,1,0,4,5,5,2,5,5,0,8,9,10,0
148,0,1,18,0,1,1,1,1,2,1,0,0,1,1,3,1,0,0,0,0,1,1,1,2,3,5,2,5,4,0,6,5,0,0
149,0,1,16,0,1,1,2,1,0,1,0,0,1,1,1,1,0,0,1,0,0,0,1,4,4,4,3,5,5,6,12,13,14,1
150,0,0,15,1,0,1,3,3,3,2,3,2,2,3,2,1,1,1,1,0,0,1,1,4,2,1,2,3,3,8,10,10,10,0
151,0,1,19,0,0,1,3,2,3,4,2,0,1,1,3,1,1,0,0,0,1,1,1,4,5,4,1,1,4,0,5,0,0,0
152,0,0,17,0,0,1,4,4,2,0,0,0,1,1,0,0,1,0,0,0,0,0,1,4,2,1,1,1,4,0,11,11,12,1
153,0,1,15,1,0,1,2,3,0,2,0,0,1,2,0,0,0,1,1,0,0,0,0,4,4,4,1,1,1,2,11,8,8,0
154,0,1,17,1,1,1,1,2,2,1,3,0,1,1,0,1,0,0,0,0,0,0,0,2,2,2,3,3,5,8,16,12,13,1
155,0,0,18,1,0,1,1,1,0,1,0,0,3,1,3,1,1,0,1,1,0,0,0,5,2,5,1,5,4,6,9,8,10,0
156,0,1,16,1,0,1,2,2,0,1,0,0,3,1,0,1,0,0,0,1,0,0,0,4,2,2,1,2,3,2,17,15,15,1
157,0,1,16,0,0,1,3,3,2,2,0,1,1,2,1,1,1,1,0,0,0,1,1,4,5,5,4,4,5,4,10,12,12,1
158,0,1,17,1,1,1,2,1,0,1,0,0,2,1,2,1,0,0,1,0,1,1,1,3,3,2,2,2,5,0,7,6,0,0
159,0,1,15,1,0,1,3,2,2,1,0,0,2,2,2,0,1,0,0,0,0,1,1,4,4,4,1,4,3,6,5,9,7,0
160,0,1,16,0,1,1,1,2,2,1,0,0,2,1,1,1,0,0,1,0,0,0,0,4,4,4,2,4,5,0,7,0,0,0
161,0,1,17,0,0,1,1,3,0,2,0,1,1,1,0,1,0,0,0,0,1,1,0,5,3,3,1,4,2,2,10,10,10,0
162,0,1,17,1,1,1,1,1,2,2,0,0,4,2,3,1,0,0,1,0,1,0,1,5,3,5,1,5,5,0,5,8,7,0
163,0,1,16,0,0,1,3,2,3,2,0,0,2,1,1,1,1,0,1,1,1,0,0,4,5,2,1,1,2,16,12,11,12,1
164,0,1,16,0,0,1,2,2,2,1,0,1,1,2,0,1,0,0,0,0,1,1,0,4,3,5,2,4,4,4,10,10,10,0
165,0,0,16,0,0,1,4,2,1,2,2,1,1,2,0,1,0,1,0,0,0,1,1,4,2,3,1,1,3,0,14,15,16,1
166,0,0,16,0,0,1,2,2,2,1,2,0,1,2,0,1,1,1,0,1,0,1,0,5,1,5,1,1,4,0,6,7,0,0
167,0,0,16,0,0,1,4,4,1,3,3,0,1,2,0,1,1,1,0,0,0,1,1,4,4,2,1,1,3,0,14,14,14,1
168,0,1,16,0,0,1,3,4,2,1,0,1,3,1,2,1,1,0,1,1,0,1,0,3,4,5,2,4,2,0,6,5,0,0
169,0,1,16,0,0,1,1,0,2,1,3,0,2,2,0,1,1,1,1,0,0,1,1,4,3,2,1,1,3,2,13,15,16,1
170,0,1,17,0,1,1,4,4,4,1,3,0,1,2,0,1,1,1,1,0,0,1,0,4,4,4,1,3,5,0,13,11,10,1
171,0,0,16,0,0,1,1,3,0,2,2,0,1,2,3,1,0,0,1,1,0,1,1,4,3,5,1,1,3,0,8,7,0,0
172,0,0,16,0,1,1,3,3,2,1,3,0,2,2,0,1,1,1,1,0,0,1,0,4,4,5,1,1,4,4,10,11,9,0
173,0,1,17,0,1,1,4,3,4,1,0,0,2,2,0,1,0,1,1,0,0,1,0,4,4,4,4,4,4,4,10,9,9,0
174,0,0,16,0,0,1,2,2,3,1,3,0,2,2,0,1,0,1,1,1,0,1,0,3,4,4,1,4,5,2,13,13,11,1
175,0,1,17,0,0,1,3,3,2,1,3,1,1,2,0,1,0,0,1,1,0,1,0,4,3,4,1,4,4,4,6,5,6,0
176,0,1,16,1,0,1,4,2,4,2,1,0,1,1,0,1,1,0,1,0,0,1,1,4,3,3,3,4,3,10,10,8,9,0
177,0,1,17,0,0,1,4,3,2,1,0,0,1,2,0,1,1,0,1,0,0,1,1,5,2,3,1,1,2,4,10,10,11,1
178,0,1,16,0,0,1,4,3,4,1,2,0,1,2,0,1,1,1,1,0,0,1,0,3,4,3,2,3,3,10,9,8,8,0
179,0,0,17,0,0,1,2,4,3,2,3,1,1,2,0,1,1,0,1,0,0,0,0,5,4,2,2,3,5,0,16,17,17,1
180,0,0,17,0,1,1,3,3,2,1,3,0,1,2,0,1,1,0,1,0,0,1,1,5,3,3,2,3,1,56,9,9,8,0
181,0,0,16,0,0,1,3,2,2,1,3,0,1,2,0,1,1,1,0,0,0,1,0,1,2,2,1,2,1,14,12,13,12,1
182,0,1,17,0,0,1,3,3,3,2,1,0,1,2,0,1,1,0,1,0,0,1,1,4,3,4,2,3,4,12,12,12,11,1
183,0,1,16,0,0,1,1,2,3,2,1,0,1,1,0,1,1,1,1,0,0,1,1,3,3,3,1,2,3,2,11,12,11,1
184,0,1,16,0,1,1,2,1,2,1,0,0,1,2,0,1,0,1,1,0,0,1,1,4,2,3,1,2,5,0,15,15,15,1
185,0,0,17,0,0,0,3,3,1,1,3,0,1,2,0,1,1,0,0,1,0,1,1,3,3,3,1,3,3,6,8,7,9,0
186,0,1,17,1,0,1,1,2,0,1,2,0,1,2,0,1,0,0,0,0,0,0,0,3,1,3,1,5,3,4,8,9,10,0
187,0,0,16,0,0,1,2,3,3,2,0,0,1,2,0,1,0,0,0,0,0,1,0,4,3,3,1,1,2,10,11,12,13,1
188,0,0,17,0,0,1,1,1,0,2,0,0,1,2,0,1,0,0,1,0,0,1,0,5,3,3,1,1,3,0,8,8,9,0
189,0,1,17,0,0,1,1,2,0,2,1,2,2,2,0,1,0,1,1,1,0,1,0,4,4,4,4,5,5,12,7,8,8,0
190,0,1,16,1,0,1,3,3,3,2,3,0,1,1,0,1,1,0,1,0,0,1,0,4,3,2,3,4,5,8,8,9,10,0
191,0,1,16,0,0,1,2,3,2,1,2,1,2,1,0,1,0,0,0,0,0,1,0,5,3,3,1,1,3,0,13,14,14,1
192,0,0,17,0,1,1,2,4,3,2,0,1,1,2,0,1,0,0,1,0,0,1,1,4,3,2,1,1,5,0,14,15,15,1
193,0,1,17,0,0,1,4,4,3,0,2,0,1,1,0,1,0,0,0,0,0,1,0,5,2,3,1,2,5,4,17,15,16,1
194,0,1,16,1,1,1,3,3,4,1,2,1,3,1,0,1,1,1,1,0,0,1,0,3,3,4,3,5,3,8,9,9,10,0
195,0,0,17,0,0,1,4,4,3,0,2,0,2,1,1,1,1,0,0,0,0,1,0,4,2,4,2,3,2,24,18,18,18,1
196,0,0,16,0,1,1,4,4,4,0,3,0,1,2,0,1,1,1,0,0,0,1,0,4,5,2,1,2,3,0,9,9,10,0
197,0,0,16,0,0,1,4,3,1,1,2,0,1,2,0,1,1,0,1,0,0,1,0,4,3,5,1,5,2,2,16,16,16,1
198,0,0,16,0,0,1,2,3,2,1,3,0,1,2,0,0,1,1,1,0,0,0,0,4,4,3,1,3,4,6,8,10,10,0
199,0,0,17,0,0,1,1,1,2,1,0,0,1,2,0,1,1,1,0,1,0,0,0,4,4,4,1,3,1,4,9,9,10,0
200,0,0,17,1,0,1,2,2,2,1,3,0,1,1,0,1,1,0,0,0,0,1,0,5,3,2,1,2,3,18,7,6,6,0
201,0,0,16,1,0,1,2,2,3,2,3,0,2,4,0,1,1,1,1,1,0,1,0,5,3,5,1,1,5,6,10,10,11,1
202,0,0,17,0,0,1,3,4,0,2,2,0,1,3,1,1,1,1,0,0,0,1,1,4,4,3,3,4,5,28,10,9,9,0
203,0,0,16,0,0,0,3,1,3,1,0,0,1,2,3,1,1,1,0,0,0,1,0,2,3,3,2,2,4,5,7,7,7,0
204,0,0,16,0,0,1,4,3,4,1,1,0,1,2,0,1,0,1,1,0,0,1,1,1,3,2,1,1,1,10,11,12,13,1
205,0,0,16,0,0,1,1,1,0,1,2,0,2,1,0,1,1,1,0,0,0,0,0,4,3,2,1,4,5,6,9,9,10,0
206,0,0,17,1,0,1,4,3,4,1,3,0,2,3,0,1,1,1,1,0,0,1,1,4,4,2,1,1,4,6,7,7,7,0
207,0,0,19,0,0,1,3,3,2,1,3,2,1,4,0,1,1,1,1,0,0,1,0,4,3,3,1,2,3,10,8,8,8,0
208,0,1,17,0,1,1,4,4,3,1,2,0,1,2,0,1,1,1,0,0,0,1,1,5,3,5,4,5,3,13,12,12,13,1
209,0,0,16,0,0,0,2,2,2,1,3,0,1,2,0,0,1,1,0,0,0,1,0,3,3,4,1,1,4,0,12,13,14,1
210,0,1,18,0,0,1,2,2,3,1,2,0,1,2,1,1,1,1,1,0,0,1,0,4,4,4,2,4,5,15,6,7,8,0
211,0,0,17,1,1,1,4,4,3,1,1,0,1,1,0,1,1,1,0,0,0,0,0,5,2,1,1,2,3,12,8,10,10,0
212,0,0,17,0,1,1,3,2,2,1,3,0,2,2,0,1,0,1,0,0,0,1,0,4,4,4,1,3,1,2,14,15,15,1
213,0,0,17,0,0,1,4,3,2,1,3,0,1,2,2,1,0,1,0,0,0,1,1,3,4,5,2,4,1,22,6,6,4,0
214,0,1,18,0,1,1,3,3,3,3,2,1,1,2,1,1,1,1,0,0,0,1,0,3,2,4,2,4,4,13,6,6,8,0
215,0,0,17,0,0,1,2,3,0,1,2,1,2,1,0,1,1,1,0,0,0,0,0,3,3,3,1,4,3,3,7,7,8,0
216,0,0,17,0,0,1,2,2,0,4,0,0,1,3,0,1,1,1,1,0,0,1,0,4,3,3,1,1,4,4,9,10,10,0
217,0,0,17,1,0,1,2,1,0,2,3,0,2,2,0,1,1,0,1,0,0,1,0,4,2,5,1,2,5,2,6,6,6,0
218,0,0,17,0,0,1,1,1,0,1,3,0,1,3,1,1,1,0,1,0,0,0,1,4,3,4,1,1,5,0,6,5,0,0
219,0,0,16,0,0,1,2,3,3,0,1,0,1,2,0,0,0,0,0,0,0,1,0,2,3,1,1,1,3,2,16,16,17,1
220,0,1,18,0,0,1,2,2,2,1,2,0,2,2,0,1,1,1,0,0,0,1,0,3,3,3,5,5,4,0,12,13,13,1
221,0,0,16,0,0,1,4,4,4,2,2,0,1,3,0,1,1,0,1,1,0,1,0,5,3,2,1,1,5,0,13,13,14,1
222,0,0,18,1,0,1,3,1,2,1,3,0,1,2,1,1,0,0,1,0,0,1,1,5,3,3,1,1,4,16,9,8,7,0
223,0,0,17,0,0,1,3,2,2,1,0,0,1,2,0,1,0,0,1,1,0,1,0,5,3,4,1,3,3,10,16,15,15,1
224,0,1,17,0,1,1,2,3,3,2,3,1,1,2,0,1,1,1,0,1,0,1,0,5,3,3,1,3,3,2,12,11,12,1
225,0,1,18,0,1,1,2,1,0,1,0,0,4,2,0,0,1,1,1,0,0,1,1,4,3,2,4,5,3,14,10,8,9,0
226,0,0,17,0,0,0,2,1,2,1,0,0,2,3,0,1,0,0,1,0,0,1,1,3,2,3,1,2,3,10,12,10,12,1
227,0,0,17,0,1,1,4,3,1,1,3,1,1,2,0,1,0,0,1,0,0,1,1,3,2,3,1,2,3,14,13,13,14,1
228,0,1,17,1,0,1,2,2,2,1,0,1,2,2,0,1,1,1,1,0,0,1,0,4,5,2,1,1,1,4,11,11,11,1
229,0,1,17,0,0,1,4,4,4,0,3,0,1,2,0,0,1,0,1,0,0,1,1,4,5,5,1,3,2,14,11,9,9,0
230,0,1,16,0,0,1,4,4,1,1,3,1,1,2,0,1,1,1,1,0,0,1,0,4,2,4,2,4,1,2,14,13,13,1
231,0,1,16,0,1,1,1,1,2,1,2,0,2,2,0,1,1,1,0,0,0,1,0,3,4,2,1,1,5,18,9,7,6,0
232,0,1,16,0,0,1,3,2,0,1,3,0,2,3,0,1,0,0,1,0,0,1,1,5,3,3,1,3,2,10,11,9,10,0
233,0,1,17,0,1,1,2,2,2,1,2,1,1,2,0,1,0,1,1,1,0,1,1,4,4,2,5,5,4,4,14,13,13,1
234,0,0,16,0,0,1,2,1,2,1,2,0,1,1,0,1,0,0,0,0,0,1,1,4,5,2,1,1,5,20,13,12,12,1
235,0,0,17,1,0,1,2,1,0,2,0,0,3,2,0,1,0,0,1,0,0,0,0,2,1,1,1,1,3,2,13,11,11,1
236,0,1,18,0,0,1,2,2,2,2,3,1,1,2,1,1,0,0,0,0,1,1,0,5,5,4,3,5,2,0,7,7,0,0
237,0,1,17,0,1,1,4,3,1,1,0,0,2,2,0,1,0,0,1,0,0,1,1,2,5,5,1,4,5,14,12,12,12,1
238,0,1,17,1,1,0,4,4,4,1,0,0,2,2,0,1,1,1,0,0,0,1,0,3,3,3,2,3,4,2,10,11,12,1
239,0,1,16,0,1,1,4,3,4,1,0,0,1,1,0,1,0,0,1,1,0,1,0,5,4,5,1,1,3,0,6,0,0,0
240,0,1,16,0,0,1,4,4,3,2,0,0,1,1,0,1,0,0,1,0,0,1,0,5,3,2,1,2,5,0,13,12,12,1
241,0,0,18,0,0,1,2,1,2,1,0,2,2,3,0,1,1,1,0,1,0,1,1,4,4,4,1,1,3,0,7,0,0,0
242,0,1,16,0,0,1,2,1,2,1,0,0,3,1,0,1,0,0,0,0,0,1,0,4,3,3,1,1,4,6,18,18,18,1
243,0,1,17,0,0,1,2,3,2,1,0,1,2,1,0,1,0,0,0,0,0,1,0,5,2,2,1,1,2,4,12,12,13,1
244,0,1,22,0,0,1,3,1,3,2,1,0,1,1,3,1,0,0,0,1,1,1,1,5,4,5,5,5,1,16,6,8,8,0
245,0,1,18,1,1,1,3,3,2,2,0,0,1,2,1,1,1,0,0,0,0,1,1,4,3,3,1,3,5,8,3,5,5,0
246,0,1,16,0,0,1,0,2,2,1,1,0,1,1,0,1,0,1,0,1,0,1,0,4,3,2,2,4,5,0,13,15,15,1
247,0,1,18,0,0,1,3,2,3,1,0,0,2,1,1,1,0,0,0,0,1,1,0,4,4,5,2,4,5,0,6,8,8,0
248,0,1,16,0,0,1,3,3,0,1,3,2,3,2,0,0,1,0,0,1,0,1,0,5,3,3,1,3,2,6,7,10,10,0
249,0,1,18,0,0,1,2,1,3,2,1,0,1,1,1,1,0,0,0,1,1,1,0,3,2,5,2,5,5,4,6,9,8,0
250,0,1,16,1,0,1,2,1,2,1,0,0,2,1,0,1,0,0,1,1,0,0,0,3,3,2,1,3,3,0,8,9,8,0
251,0,1,17,1,0,1,2,1,2,1,0,0,1,1,0,1,0,0,0,1,0,1,0,4,4,2,2,4,5,0,8,12,12,1
252,0,1,17,0,1,1,1,1,1,1,0,0,2,1,1,1,1,0,1,0,0,1,0,4,4,4,1,2,5,2,7,9,8,0
253,0,0,17,0,1,1,4,2,4,2,3,0,1,4,0,1,1,1,1,0,0,1,0,4,2,3,1,1,4,6,14,12,13,1
254,0,1,19,0,1,0,4,3,3,4,3,0,1,2,0,1,1,0,0,0,0,1,0,4,3,1,1,1,1,12,11,11,11,1
255,0,1,18,0,0,1,2,1,2,1,2,0,1,2,0,1,0,0,1,0,0,1,0,5,2,4,1,2,4,8,15,14,14,1
256,0,0,17,0,1,1,2,2,3,2,0,1,1,4,0,1,0,1,1,0,0,1,1,3,4,1,1,1,2,0,10,9,0,0
257,0,0,18,0,0,1,4,3,3,1,2,1,1,2,0,1,1,1,0,0,0,1,1,3,1,2,1,3,2,21,17,18,18,1
258,0,1,18,0,0,1,4,3,4,1,0,0,1,2,0,1,1,1,0,1,0,1,0,4,3,2,1,1,3,2,8,8,8,0
259,0,1,18,1,0,1,3,2,2,1,0,0,1,3,0,1,0,0,1,1,0,0,0,5,3,2,1,1,3,1,13,12,12,1
260,0,0,17,0,0,1,3,3,2,1,2,0,1,3,0,1,0,0,1,1,0,0,0,3,2,3,1,1,4,4,10,9,9,0
261,0,0,18,0,0,1,2,2,0,2,2,0,1,3,0,1,1,1,1,0,0,1,1,4,3,3,1,1,3,0,9,10,0,0
262,0,1,18,1,1,0,3,4,2,1,3,0,2,2,0,1,1,1,1,0,0,1,0,4,2,5,3,4,1,13,17,17,17,1
263,0,1,17,0,0,1,3,1,3,1,1,0,1,2,0,1,0,1,1,0,0,1,1,5,4,4,3,4,5,2,9,9,10,0
264,0,0,18,1,0,1,4,4,4,1,3,0,2,2,0,1,0,1,1,0,0,1,0,4,3,4,2,2,4,8,12,10,11,1
265,0,1,18,0,0,1,4,2,1,1,3,1,1,2,0,1,1,1,1,0,0,1,1,5,4,5,1,3,5,10,10,9,10,0
266,0,0,18,1,0,1,2,1,2,1,3,0,2,2,0,1,1,0,0,0,1,1,1,4,3,5,1,2,3,0,6,0,0,0
267,0,0,19,0,0,1,3,3,2,2,2,2,1,2,2,1,1,1,1,0,0,1,0,4,3,5,3,3,5,15,9,9,9,0
268,0,0,18,0,0,1,2,3,2,2,3,1,1,4,0,1,1,1,1,0,0,1,1,4,5,5,1,3,2,4,15,14,14,1
269,0,0,18,0,1,1,1,1,2,1,2,0,2,2,0,1,1,1,0,1,0,0,0,4,4,3,1,1,3,2,11,11,11,1
270,0,1,17,1,0,1,1,2,0,4,2,0,1,2,0,1,1,1,1,1,0,0,1,3,5,2,2,2,1,2,15,14,14,1
271,0,0,17,0,0,1,2,4,0,3,3,0,2,2,0,1,1,1,0,0,0,1,1,4,3,3,1,1,1,2,10,10,10,0
272,0,0,17,0,1,1,2,2,3,1,0,0,2,2,0,0,1,1,0,0,0,1,1,4,4,4,2,3,5,6,12,12,12,1
273,0,0,18,1,0,0,3,2,2,2,2,0,2,2,0,1,0,0,0,1,1,1,1,4,1,1,1,1,5,75,10,9,9,0
274,0,1,18,0,0,1,4,4,4,2,2,0,2,1,0,1,0,1,1,0,0,1,0,3,2,4,1,4,3,22,9,9,9,0
275,0,0,18,0,0,1,4,4,1,3,3,1,1,2,1,0,1,0,1,0,0,1,1,2,4,4,1,1,4,15,9,8,8,0
276,0,1,18,0,1,1,4,3,4,2,0,0,2,1,0,1,0,1,1,0,0,1,0,4,2,3,1,2,1,8,10,11,10,1
277,0,1,17,0,1,0,4,1,3,1,2,0,2,1,0,1,0,1,1,0,0,1,1,4,5,4,2,4,5,30,8,8,8,0
278,0,1,17,0,1,0,3,2,4,2,2,0,1,1,1,1,0,0,0,0,0,1,0,4,4,4,3,4,3,19,11,9,10,0
279,0,0,18,1,1,1,1,1,0,1,3,0,2,4,0,1,1,1,1,0,0,0,0,5,2,2,1,1,3,1,12,12,12,1
280,0,0,18,0,0,1,1,1,2,1,2,0,2,2,0,0,0,0,1,0,0,1,0,5,4,4,1,1,4,4,8,9,10,0
281,0,0,17,0,0,1,2,2,2,1,0,0,1,2,0,1,1,0,0,1,0,1,0,5,4,5,1,2,5,4,10,9,11,1
282,0,1,17,0,0,1,1,1,2,1,3,1,1,2,0,1,0,1,0,1,0,1,0,4,3,3,1,2,4,2,12,10,11,1
283,0,0,18,0,0,1,2,2,0,4,1,0,1,3,0,1,1,1,0,0,0,1,0,4,3,3,1,2,2,5,18,18,19,1
284,0,0,17,0,0,1,1,1,3,0,3,0,1,3,0,1,1,1,0,0,0,1,0,4,3,3,1,1,3,6,13,12,12,1
285,0,1,18,0,0,1,2,1,3,2,3,0,1,3,0,1,0,1,1,0,0,1,0,4,2,4,1,3,2,6,15,14,14,1
286,0,1,18,0,1,0,4,4,4,0,3,0,1,2,0,1,1,1,1,0,0,1,0,5,4,3,1,1,2,9,15,13,15,1
287,0,1,18,0,0,1,4,2,4,1,2,0,1,2,0,1,1,1,1,0,0,1,1,4,3,2,1,4,5,11,12,11,11,1
288,0,0,17,0,0,1,4,3,1,2,3,0,1,3,0,1,1,1,0,0,0,1,0,4,2,2,1,2,3,0,15,15,15,1
289,0,0,18,0,1,1,2,1,3,4,3,0,1,2,1,1,0,0,0,0,0,1,1,5,4,3,1,1,5,12,12,12,13,1
290,0,0,17,1,1,1,3,1,3,1,3,0,2,4,0,1,1,1,0,0,0,0,0,3,1,2,1,1,3,6,18,18,18,1
291,0,1,18,1,1,1,3,2,3,1,3,0,2,3,0,1,1,1,1,0,0,1,0,5,4,2,1,1,4,8,14,13,14,1
292,0,1,17,0,0,1,3,3,1,1,2,0,1,1,0,1,1,1,0,0,0,1,0,4,4,3,1,3,5,4,14,12,11,1
293,0,0,19,0,0,1,4,4,1,1,3,2,2,2,0,1,1,1,1,0,0,1,0,2,3,4,2,3,2,0,10,9,0,0
294,0,0,18,0,1,1,4,3,2,1,2,2,2,2,0,1,1,1,0,0,0,1,1,4,4,5,1,2,2,10,10,8,8,0
295,0,0,18,0,0,1,4,3,2,1,3,1,1,4,0,1,1,1,0,0,0,1,0,4,3,3,1,1,3,0,14,13,14,1
296,0,1,18,0,1,1,4,4,4,0,2,0,1,1,0,1,1,1,0,0,0,1,1,1,4,2,2,2,1,5,16,15,16,1
297,0,0,18,0,1,0,4,4,1,1,2,0,1,2,0,1,1,0,0,0,0,1,1,4,2,4,1,1,4,14,12,10,11,1
298,0,1,17,0,1,1,4,4,2,0,2,1,2,1,0,1,0,1,0,0,0,1,0,4,1,1,2,2,5,0,11,11,10,1
299,0,0,17,0,0,1,4,2,2,1,3,0,2,3,0,1,1,1,0,0,0,1,0,4,3,3,1,1,3,0,15,12,14,1
300,0,0,17,0,0,1,3,2,1,3,3,1,1,4,0,1,1,1,1,1,0,1,0,5,2,2,1,2,5,0,17,17,18,1
301,0,1,19,0,0,1,3,3,2,1,2,2,1,2,1,1,1,0,1,0,0,1,1,4,4,4,1,1,3,20,15,14,13,1
302,0,0,18,0,0,1,2,4,3,4,3,2,1,2,1,1,1,1,1,0,0,1,0,4,4,3,1,1,3,8,14,12,12,1
303,0,1,20,0,0,0,3,2,3,1,0,2,1,1,0,1,0,0,1,0,0,0,0,5,5,3,1,1,5,0,17,18,18,1
304,0,1,19,0,0,1,4,4,4,2,3,2,2,1,1,1,1,1,0,0,0,1,1,4,3,4,1,1,4,38,8,9,8,0
305,0,1,19,1,0,1,3,3,2,2,3,1,1,2,1,1,0,0,1,0,0,0,1,4,5,3,1,2,5,0,15,12,12,1
306,0,0,19,0,1,1,1,1,0,1,3,2,1,2,1,0,1,0,1,1,0,1,0,4,4,3,1,3,3,18,12,10,10,1
307,0,0,19,0,1,1,1,2,3,2,2,2,1,2,1,1,0,0,1,1,0,0,1,4,2,4,2,2,3,0,9,9,0,0
308,0,0,19,0,0,1,2,1,0,1,1,2,3,2,0,1,1,0,0,0,1,1,1,3,4,1,1,1,2,20,14,12,13,1
309,0,1,19,0,0,1,1,2,2,2,0,2,1,2,1,1,0,0,0,1,0,1,0,4,5,2,2,2,4,3,13,11,11,1
310,0,0,19,0,1,1,3,2,3,1,3,2,2,2,1,1,1,1,0,1,0,1,1,4,2,2,1,2,1,22,13,10,11,1
311,0,0,19,0,0,1,1,1,0,3,2,2,1,3,2,1,0,0,0,1,0,1,1,4,1,2,1,1,3,14,15,13,13,1
312,0,0,19,1,0,1,2,3,2,1,3,2,1,3,1,1,0,0,0,0,0,1,1,4,1,2,1,1,3,40,13,11,11,1
313,0,0,18,0,0,1,2,1,3,1,0,0,2,2,0,1,1,1,1,0,0,1,0,5,3,3,1,2,1,0,8,8,0,0
314,0,0,18,0,0,1,4,3,2,1,0,0,1,3,0,1,1,1,1,0,0,1,1,4,3,4,1,1,5,9,9,10,9,0
315,0,0,17,1,0,1,3,4,0,2,0,1,1,3,0,1,1,1,1,1,0,1,0,4,3,4,2,5,5,0,11,11,10,1
316,0,0,18,0,0,1,4,4,4,1,0,0,1,2,0,1,1,1,0,0,0,1,0,4,4,4,3,3,5,2,11,11,11,1
317,0,0,17,0,0,0,4,3,3,2,0,0,1,2,0,1,1,1,0,0,0,1,1,5,2,2,1,2,5,23,13,13,13,1
318,0,0,17,0,0,1,2,2,2,1,0,0,1,2,0,1,1,0,0,0,0,0,1,4,2,2,1,1,3,12,11,9,9,0
319,0,0,17,1,1,1,2,2,3,2,0,0,1,3,0,1,1,1,1,0,0,1,0,3,3,2,2,2,3,3,11,11,11,1
320,0,0,17,0,0,1,3,1,3,2,0,1,1,3,0,1,1,0,0,1,0,1,0,3,4,3,2,3,5,1,12,14,15,1
321,0,0,17,0,1,1,0,2,0,4,2,1,2,3,0,1,0,0,0,0,0,1,0,3,3,3,2,3,2,0,16,15,15,1
322,0,1,18,0,0,1,4,4,2,1,0,0,1,3,0,1,0,0,1,0,0,1,0,4,3,3,2,2,3,3,9,12,11,1
323,0,1,17,0,0,1,3,3,2,2,3,0,1,1,0,1,0,0,1,1,0,1,0,4,3,5,3,5,5,3,14,15,16,1
324,0,1,17,1,0,1,2,2,3,1,0,0,4,1,0,1,1,0,0,0,0,1,0,4,4,5,5,5,4,8,11,10,10,1
325,0,0,17,0,0,1,4,4,4,2,0,0,1,3,0,1,1,1,1,0,0,1,0,5,4,4,1,3,4,7,10,9,9,0
326,0,0,17,0,0,1,4,4,4,0,0,0,2,3,0,1,1,1,0,1,0,1,1,4,3,3,1,2,4,4,14,14,14,1
327,0,1,18,0,1,1,2,2,2,1,0,0,1,4,0,1,1,0,1,0,0,1,0,4,5,5,2,4,5,2,9,8,8,0
328,0,0,17,1,0,1,2,4,0,1,0,1,1,3,0,1,1,0,0,0,0,1,1,4,4,3,1,1,5,7,12,14,14,1
329,0,0,18,0,0,1,3,3,3,2,2,0,1,2,0,1,0,0,1,0,0,1,0,5,3,4,1,1,4,0,7,0,0,0
330,0,0,18,0,1,1,2,2,2,1,2,2,1,2,0,1,0,0,1,1,0,1,1,4,3,3,1,1,2,0,8,8,0,0
331,0,0,18,1,0,1,2,2,0,1,0,0,2,4,0,1,0,0,1,0,0,0,0,4,4,4,1,1,4,0,10,9,0,0
332,0,0,17,0,0,1,3,4,3,1,0,0,1,3,0,1,0,0,0,0,0,1,0,4,4,5,1,3,5,16,16,15,15,1
333,0,0,19,1,0,0,3,1,3,4,2,2,1,3,1,1,0,1,0,0,0,0,0,5,4,3,1,2,5,12,14,13,13,1
334,0,0,17,0,0,1,3,2,2,1,2,0,1,2,0,1,1,1,0,0,0,1,1,4,3,2,2,3,2,0,7,8,0,0
335,0,0,18,0,1,1,3,3,3,2,2,0,1,4,0,1,1,0,0,0,0,1,0,5,3,3,1,1,1,7,16,15,17,1
336,0,0,17,1,0,0,3,2,2,1,2,0,1,2,0,1,1,1,0,0,0,1,0,4,3,3,2,3,2,4,9,10,10,0
337,0,0,19,0,0,1,2,1,3,2,2,2,1,3,1,1,0,1,1,0,0,1,1,4,3,4,1,3,3,4,11,12,11,1
338,0,1,18,0,1,1,3,4,3,1,2,0,1,2,0,1,0,0,1,0,0,1,1,4,3,3,1,3,5,11,16,15,15,1
339,0,0,17,0,0,0,2,2,0,4,2,1,1,2,1,1,1,0,0,0,0,1,1,3,3,1,1,2,4,0,9,8,0,0
340,0,0,18,0,0,1,2,3,0,1,0,0,1,3,0,1,1,0,0,0,0,1,0,4,3,3,1,2,3,4,11,10,10,1
341,0,0,18,0,0,1,3,2,2,2,1,0,1,3,0,1,0,0,0,0,0,1,1,5,4,3,2,3,1,7,13,13,14,1
342,0,1,18,1,0,1,4,3,4,2,0,0,1,3,0,1,0,0,0,0,0,1,1,5,3,2,1,2,4,9,16,15,16,1
343,0,1,18,0,0,1,4,3,4,1,0,0,1,3,0,1,1,1,0,0,0,1,1,5,4,5,2,3,5,0,10,10,9,0
344,0,0,17,0,0,1,4,3,1,1,3,0,1,3,0,1,1,1,1,0,0,1,1,4,4,3,1,3,4,0,13,15,15,1
345,1,1,18,1,0,1,3,2,2,1,0,0,2,1,1,1,1,0,0,1,0,1,0,2,5,5,5,5,5,10,11,13,13,1
346,1,1,19,1,0,1,1,1,2,2,2,2,3,2,3,1,0,0,0,0,0,1,0,5,4,4,3,3,2,8,8,7,8,0
347,1,1,17,0,0,1,3,3,1,1,0,0,2,2,0,1,1,1,0,0,0,1,0,4,5,4,2,3,3,2,13,13,13,1
348,1,1,18,0,1,1,1,3,0,2,0,0,1,1,1,1,0,0,0,0,1,1,1,4,3,3,2,3,3,7,8,7,8,0
349,1,1,19,1,0,1,1,1,2,1,2,2,3,1,1,1,1,0,0,0,0,1,0,4,4,4,3,3,5,4,8,8,8,0
350,1,1,17,1,0,1,4,3,3,1,2,0,2,2,0,1,1,1,1,1,0,1,1,4,5,5,1,3,2,4,13,11,11,1
351,1,0,18,0,0,1,3,3,3,2,0,1,1,2,0,1,1,0,0,0,0,0,1,5,3,4,1,1,5,0,10,9,9,0
352,1,0,17,1,0,1,4,4,4,2,1,1,2,2,0,1,1,1,1,0,0,1,0,4,3,3,1,2,5,4,12,13,13,1
353,1,0,17,0,1,0,3,2,3,1,3,0,2,2,0,1,0,0,0,0,0,0,1,1,2,3,1,2,5,2,12,12,11,1
354,1,1,18,0,1,1,1,1,2,2,2,1,2,1,0,1,0,0,0,1,0,1,1,3,3,2,1,2,3,4,10,10,10,0
355,1,0,18,0,1,1,1,1,0,2,0,1,2,3,0,1,0,0,0,0,0,1,0,5,3,2,1,1,4,0,18,16,16,1
356,1,0,18,1,1,0,1,4,0,1,0,0,3,2,0,1,0,0,0,0,0,0,1,4,3,4,1,4,5,0,13,13,13,1
357,1,1,18,1,1,1,1,1,0,1,1,0,2,2,1,1,0,0,1,1,1,0,0,4,4,3,2,3,5,2,13,12,12,1
358,1,0,18,0,0,1,3,3,3,2,1,0,2,2,0,1,1,0,0,0,0,1,1,4,3,2,1,3,3,0,11,11,10,1
359,1,0,17,0,1,1,4,4,0,4,0,0,1,2,0,1,1,1,1,0,0,1,1,2,3,4,1,1,1,0,16,15,15,1
360,1,0,17,1,0,1,1,2,2,2,0,1,2,2,0,1,0,0,0,1,0,0,0,3,2,2,1,2,3,0,12,11,12,1
361,1,1,18,1,0,1,1,3,0,1,0,0,2,2,0,1,1,1,0,0,0,0,0,3,3,4,2,4,3,4,10,10,10,0
362,1,1,18,0,1,1,4,4,4,2,1,0,2,3,0,1,0,1,0,0,0,1,1,4,2,2,2,2,5,0,13,13,13,1
363,1,0,17,1,0,1,1,1,2,2,3,0,3,1,1,1,1,1,0,0,0,1,1,5,2,1,1,2,1,0,7,6,0,0
364,1,0,18,0,0,1,2,3,0,2,0,1,2,1,0,1,1,1,0,0,0,1,1,5,2,3,1,2,4,0,11,10,10,1
365,1,0,18,1,0,1,4,4,2,0,1,1,3,2,0,1,1,1,0,1,0,1,1,3,2,2,4,2,5,10,14,12,11,1
366,1,0,19,0,1,1,3,2,3,2,2,2,2,2,2,1,0,0,1,0,0,0,1,3,2,2,1,1,3,4,7,7,9,0
367,1,1,18,1,1,1,1,2,0,2,1,1,3,1,0,1,1,1,1,0,1,1,1,4,3,3,2,3,3,3,14,12,12,1
368,1,0,17,0,0,1,2,2,2,4,2,0,1,3,0,1,0,0,1,0,0,0,1,3,4,3,1,1,3,8,13,11,11,1
369,1,0,17,1,0,1,1,2,2,1,0,0,1,1,0,1,0,0,1,0,0,1,0,3,5,5,1,3,1,14,6,5,5,0
370,1,0,18,1,1,1,4,4,2,1,3,0,2,3,0,1,0,0,0,0,0,1,0,5,4,4,1,1,1,0,19,18,19,1
371,1,0,18,1,0,1,1,1,2,1,2,0,4,3,0,1,0,0,0,0,0,1,0,4,3,2,1,2,4,2,8,8,10,0
372,1,0,20,0,0,1,4,2,1,1,0,2,2,3,2,1,1,1,0,1,0,1,1,5,4,3,1,1,3,4,15,14,15,1
373,1,0,18,1,1,1,4,4,4,2,0,0,1,2,0,1,0,1,1,0,0,1,0,5,4,3,3,4,2,4,8,9,10,0
374,1,0,18,0,0,1,3,3,2,1,2,0,1,2,0,1,0,1,0,0,0,1,1,4,1,3,1,2,1,0,15,15,15,1
375,1,0,17,1,0,1,3,1,0,1,3,0,1,2,0,1,1,1,1,1,0,1,0,4,5,4,2,3,1,17,10,10,10,0
376,1,1,18,0,0,1,4,4,4,0,2,1,1,2,0,1,0,1,1,1,0,1,0,3,2,4,1,4,2,4,15,14,14,1
377,1,1,18,1,0,1,2,1,2,1,1,0,2,1,0,1,0,0,1,1,0,1,1,4,4,3,1,3,5,5,7,6,7,0
378,1,1,17,0,0,1,2,3,2,2,2,1,2,2,0,1,0,0,1,0,0,1,0,4,4,3,1,1,3,2,11,11,10,1
379,1,1,19,1,0,1,1,1,2,2,1,0,2,1,1,1,0,0,0,0,0,0,0,4,3,2,1,3,5,0,6,5,0,0
380,1,1,18,1,0,1,4,2,2,1,2,1,2,1,1,1,0,1,0,0,0,0,0,5,4,3,4,3,3,14,6,5,5,0
381,1,0,18,1,0,1,2,2,0,1,1,0,2,3,0,1,0,1,0,0,0,0,0,5,3,3,1,3,4,2,10,9,10,0
382,1,0,18,1,0,1,4,4,4,4,3,0,3,1,0,1,1,1,1,0,0,1,1,4,4,3,2,2,5,7,6,5,6,0
383,1,0,19,1,0,1,2,3,3,1,0,0,1,3,1,1,0,0,1,1,0,1,0,5,4,2,1,2,5,0,7,5,0,0
384,1,0,18,0,1,1,3,1,4,2,0,0,1,2,0,1,1,1,0,0,0,1,0,4,3,4,1,1,1,0,7,9,8,0
385,1,0,18,0,0,1,1,1,2,1,0,0,2,2,1,1,0,0,1,0,0,0,0,1,1,1,1,1,5,0,6,5,0,0
386,1,1,20,0,1,0,2,2,3,2,0,2,1,2,2,1,1,1,0,0,0,0,0,5,5,4,4,5,4,11,9,9,9,0
387,1,1,17,0,1,1,3,1,3,2,0,0,2,1,0,1,0,0,0,1,0,1,0,2,4,5,3,4,2,3,14,16,16,1
388,1,1,21,1,0,1,1,1,2,1,0,2,1,1,3,1,0,0,0,1,0,0,0,5,5,3,3,3,3,3,10,8,7,0
389,1,1,18,1,1,1,3,2,3,1,0,0,3,1,0,1,0,0,0,1,0,1,0,4,4,1,3,4,5,0,11,12,10,1
390,1,1,19,0,1,1,1,1,2,4,0,1,1,1,0,1,0,0,0,0,0,1,0,3,2,3,3,3,5,5,8,9,9,0
391,0,1,16,0,0,1,2,3,2,1,0,0,2,3,0,1,1,0,0,1,0,1,1,3,2,3,2,2,1,4,13,12,13,1
392,0,0,18,0,0,1,2,1,3,1,3,0,1,2,3,1,1,0,1,0,1,1,1,5,4,5,1,3,5,10,10,9,8,0
393,0,0,17,0,1,0,2,1,2,1,0,0,3,1,0,1,1,0,0,0,0,1,0,3,2,2,1,2,5,8,11,10,11,1
394,0,1,16,0,0,1,2,1,0,1,0,0,4,1,0,1,0,0,0,0,0,0,0,3,2,1,1,1,2,4,9,9,11,0
395,0,0,16,0,0,0,2,2,2,1,2,0,1,1,1,1,0,0,0,0,0,0,0,5,3,4,1,1,5,12,13,11,11,1
396,0,0,16,1,0,1,1,1,0,1,0,0,4,2,0,1,1,0,0,0,0,0,0,5,1,3,1,1,3,0,14,13,13,1
397,0,1,18,0,1,1,3,1,3,2,0,0,2,1,0,1,0,0,1,0,0,1,1,3,3,4,4,5,4,2,11,11,12,1
398,0,0,18,0,0,0,3,2,2,2,0,2,1,3,0,1,1,0,1,1,0,1,1,4,3,3,5,1,5,10,12,11,11,1
399,0,0,16,1,0,1,1,1,2,2,3,0,2,1,0,1,1,0,1,0,0,0,1,3,3,3,1,2,1,8,12,11,11,1
400,0,0,15,1,0,1,1,1,2,1,0,0,3,1,1,1,0,0,1,0,0,1,1,5,5,5,1,1,1,2,8,9,9,0
401,0,0,15,0,0,0,3,3,3,2,2,0,1,2,0,1,0,0,0,1,0,0,1,1,3,2,2,3,1,24,9,8,9,0
402,0,0,15,0,1,0,2,1,0,1,2,0,2,1,0,1,1,0,1,0,1,1,1,4,4,2,1,1,5,0,11,10,10,1
403,0,0,15,0,0,1,1,2,0,2,0,1,1,2,0,1,0,0,0,1,0,0,1,2,3,4,2,4,1,6,11,11,11,1
404,0,1,16,0,1,1,1,2,1,2,0,0,2,1,2,1,0,0,0,1,0,1,0,4,4,5,3,5,5,0,9,8,10,0
405,0,1,17,1,0,1,3,2,2,1,0,0,2,2,2,0,1,0,0,0,0,1,1,4,4,4,1,4,3,4,7,6,8,0
406,0,1,15,0,1,1,1,2,2,1,0,0,2,1,0,1,0,0,1,0,0,0,0,4,4,4,2,4,5,2,8,9,10,0
407,0,1,16,0,0,1,1,3,0,2,0,1,1,1,1,1,0,0,0,0,1,1,0,5,3,3,1,4,2,2,9,8,8,0
408,0,1,17,0,0,1,3,2,3,2,0,0,2,1,3,1,1,0,1,1,1,0,0,4,5,2,1,1,2,10,8,7,8,0
409,0,0,16,0,0,0,4,1,2,1,2,0,1,2,0,1,0,0,1,0,0,1,1,5,3,3,1,2,5,0,14,13,13,1
410,0,0,18,0,1,0,2,4,3,1,0,0,2,2,1,1,1,0,0,0,0,1,0,4,3,3,1,1,3,18,10,10,10,0
411,0,0,18,0,1,1,2,2,0,2,0,0,1,2,1,1,1,0,0,1,0,1,1,5,3,1,1,1,5,16,9,8,10,0
412,0,0,18,0,0,1,3,3,2,1,0,0,2,1,1,1,0,0,0,0,1,1,0,4,1,1,1,1,3,14,8,7,7,0
413,0,1,18,0,0,1,2,2,2,4,0,2,1,1,1,1,1,0,1,1,1,1,1,4,4,3,2,2,1,26,7,8,8,0
414,0,1,17,0,0,1,4,4,4,0,0,0,1,1,0,1,1,0,1,1,0,1,0,4,2,1,1,2,5,6,10,8,9,0
415,0,0,17,0,0,1,3,2,2,1,0,1,1,2,0,1,0,0,1,0,0,0,0,5,4,2,1,1,3,4,14,14,15,1
416,0,0,17,0,1,1,1,1,0,4,0,0,1,3,0,1,1,0,1,0,0,1,1,4,3,2,1,2,4,10,11,10,10,1
417,0,0,16,0,0,1,1,2,2,1,0,0,1,1,0,1,0,0,0,0,1,1,0,5,3,5,1,2,5,4,12,11,11,1
418,0,0,17,1,1,0,1,4,2,1,0,2,4,1,1,1,1,0,0,0,0,1,0,5,5,4,1,1,5,14,9,9,8,0
419,0,0,17,0,1,0,2,2,2,1,2,0,1,1,1,1,1,0,0,1,1,1,0,3,1,2,1,1,1,8,11,9,10,0
420,0,0,17,1,1,1,1,1,0,1,0,0,2,3,0,1,0,0,1,0,0,1,0,4,3,3,1,3,5,4,15,14,15,1
421,0,0,17,0,1,0,4,2,4,1,0,0,1,2,0,1,1,0,1,0,0,0,0,4,3,2,1,1,4,4,15,14,14,1
422,0,1,17,1,0,1,1,1,2,1,2,1,2,3,0,1,0,0,0,1,0,1,1,4,3,3,1,1,1,2,13,14,15,1
423,0,0,17,0,0,1,3,3,3,1,2,0,2,3,0,1,1,0,0,0,0,1,1,4,2,2,2,3,5,10,11,11,11,1
424,0,0,17,0,0,1,1,1,0,1,0,0,1,2,0,0,0,0,0,1,0,0,1,4,3,2,1,1,4,10,10,9,10,0
425,0,0,17,0,0,1,1,1,2,2,0,1,1,2,0,1,1,0,0,0,0,0,0,4,3,4,1,2,5,4,11,10,11,1
426,0,0,18,0,1,0,2,1,2,1,0,0,1,2,0,1,1,0,0,1,0,1,1,4,3,4,1,3,5,2,12,12,13,1
427,0,0,19,0,0,1,2,2,3,2,2,0,1,2,0,1,1,0,0,0,0,1,0,4,3,3,1,1,5,0,10,10,11,1
428,0,1,18,0,1,1,2,1,3,1,0,0,3,2,1,1,0,0,1,1,1,1,0,4,4,5,4,4,5,4,11,10,11,1
429,0,0,17,1,0,1,4,2,2,1,0,0,1,3,0,1,1,0,1,0,0,1,0,4,3,4,1,3,5,2,11,12,14,1
430,0,0,18,0,1,1,1,1,2,4,2,0,1,3,0,1,1,0,0,1,0,0,0,4,4,3,2,3,3,4,11,12,14,1
431,0,0,18,1,0,1,2,2,2,1,2,0,1,2,0,0,0,0,0,0,0,0,0,3,2,3,1,1,5,4,11,11,13,1
432,0,1,17,1,0,1,2,2,2,2,1,0,2,1,0,1,0,0,0,1,1,0,0,5,2,2,1,1,4,0,9,10,10,0
433,0,0,20,1,0,1,2,1,2,1,0,2,2,2,0,1,1,1,1,0,1,1,1,1,2,3,1,2,2,8,10,12,12,1
434,0,1,17,0,0,1,2,2,2,1,2,1,2,1,0,1,0,0,0,0,1,1,0,4,4,4,2,3,4,8,8,8,9,0
435,0,0,18,0,0,1,2,1,2,1,2,0,1,2,0,1,1,0,0,0,0,1,1,4,2,5,1,2,1,8,14,14,15,1
436,0,0,17,0,0,1,2,2,2,2,3,1,3,3,0,1,1,0,0,0,0,1,1,4,2,3,1,1,1,8,13,15,15,1
437,0,0,19,1,0,1,3,2,3,2,3,1,1,2,1,0,1,0,0,0,1,1,0,3,3,3,4,3,3,0,9,8,10,0
438,0,1,18,0,0,1,1,2,0,1,2,2,2,1,0,1,0,0,0,1,1,1,0,3,4,4,2,4,4,10,10,10,11,1
439,0,0,18,0,0,1,2,1,2,1,3,0,2,2,0,1,0,0,1,0,0,1,1,4,3,1,1,1,5,10,12,13,14,1
440,0,0,17,1,0,1,4,4,3,2,3,0,2,3,0,1,1,0,1,0,0,1,0,5,3,4,1,1,5,0,7,7,8,0
441,0,1,19,1,1,1,2,1,0,2,0,0,2,3,1,1,0,0,1,0,0,1,1,4,3,1,1,1,5,0,9,10,11,1
442,0,0,18,0,0,1,1,4,2,0,2,0,1,2,0,0,1,0,0,1,0,0,1,3,4,4,1,2,5,2,10,10,11,1
443,0,0,17,0,0,1,2,3,2,1,0,1,2,2,0,1,0,0,1,0,0,1,1,4,2,1,1,1,3,2,11,12,14,1
444,0,0,17,1,0,1,4,4,4,0,0,0,1,1,0,1,0,0,1,0,0,1,0,4,4,4,1,1,5,2,15,16,17,1
445,0,0,18,0,1,1,4,3,1,2,0,0,2,1,0,1,1,0,0,0,0,1,0,3,2,4,1,4,1,8,12,12,15,1
446,0,0,18,0,0,1,3,3,0,1,0,1,1,2,0,1,1,0,0,0,0,1,0,4,1,4,1,1,3,8,11,12,14,1
447,0,1,19,0,0,1,4,2,1,1,0,0,2,2,0,1,1,0,1,0,0,1,1,5,4,4,1,1,1,9,11,10,10,1
448,0,0,18,0,0,1,3,4,2,1,0,0,1,1,0,1,1,0,1,0,0,1,1,5,4,4,1,1,1,4,11,12,14,1
449,0,0,17,0,0,1,4,4,1,3,0,0,1,1,0,1,0,0,1,0,0,1,0,5,3,4,1,2,5,2,14,15,17,1
450,0,0,17,0,1,0,3,3,3,1,2,0,1,2,0,0,1,0,0,0,0,1,0,5,3,3,1,1,5,0,12,12,13,1
451,0,0,17,0,1,1,2,1,2,1,2,1,1,2,0,1,0,0,1,0,0,1,0,4,2,3,2,2,2,2,11,12,14,1
452,0,1,18,0,1,1,4,4,2,1,3,1,1,1,0,1,1,0,0,0,0,1,0,4,2,5,3,4,5,2,8,9,11,0
453,0,0,19,0,0,1,1,1,2,1,0,2,3,3,0,1,0,0,1,0,1,0,1,1,5,5,4,3,5,12,10,10,11,1
454,0,0,19,0,1,0,1,1,2,1,0,2,3,2,2,1,1,0,0,1,0,1,1,5,3,4,1,1,4,2,8,8,9,0
455,0,0,18,0,0,1,2,2,2,1,0,0,1,1,0,1,1,0,1,0,0,1,1,4,3,5,2,4,5,2,10,10,10,0
456,0,0,17,0,0,1,3,3,0,1,0,0,1,1,0,1,1,1,1,0,0,1,0,4,2,5,2,5,5,2,11,12,11,1
457,0,1,19,1,0,1,3,2,0,2,2,2,1,1,0,1,1,0,0,1,0,0,1,5,3,4,2,2,5,0,11,10,10,1
458,0,0,18,0,0,1,2,2,0,1,0,0,4,2,0,1,0,0,1,0,0,0,1,4,2,5,1,1,2,2,10,9,10,0
459,0,1,18,0,0,1,2,2,2,1,3,0,1,1,0,1,0,0,0,1,0,1,0,5,4,2,1,2,5,6,15,14,15,1
460,0,0,17,0,0,1,2,1,3,1,0,0,2,2,0,1,1,0,1,0,0,1,1,4,3,4,2,2,1,10,12,15,15,1
461,0,0,17,0,0,1,2,1,3,1,3,0,1,2,0,1,1,0,1,0,0,1,0,4,3,5,2,4,4,4,12,16,16,1
462,0,0,19,0,1,0,2,3,0,1,2,2,2,1,1,1,0,0,0,0,1,1,0,2,2,3,3,4,5,16,10,11,11,1
463,0,0,17,0,0,1,3,1,2,4,2,0,1,1,1,1,1,1,0,0,0,1,1,4,1,2,1,1,3,6,10,13,13,1
464,0,0,21,0,1,1,4,4,2,1,3,2,1,3,2,1,0,1,1,0,0,1,0,3,3,2,1,1,5,0,9,12,12,1
465,0,1,18,0,1,1,2,2,3,2,3,0,1,2,0,1,1,0,1,1,1,1,0,4,4,4,1,3,3,11,9,11,12,1
466,0,1,18,0,1,0,3,4,2,1,3,2,1,2,0,1,0,0,1,0,0,1,1,4,3,5,1,4,2,9,13,14,15,1
467,0,0,17,0,0,1,2,2,3,2,3,0,1,2,0,1,1,0,1,0,0,1,0,4,3,4,1,3,4,0,13,17,17,1
468,0,1,17,0,1,0,4,4,1,1,3,0,1,3,0,1,1,0,0,0,0,1,0,4,4,2,1,2,4,2,12,15,15,1
469,0,0,18,0,1,1,4,2,4,1,0,0,1,2,0,1,1,0,1,0,0,1,0,4,2,2,1,1,3,0,14,17,17,1
470,0,1,21,1,1,1,1,1,0,1,0,2,2,2,2,1,1,0,1,0,1,1,1,5,3,3,5,2,4,21,9,10,10,0
471,0,0,20,1,0,1,1,1,2,1,3,2,2,3,0,1,0,0,0,0,0,1,1,3,2,2,1,3,3,8,11,15,15,1
472,0,0,19,0,0,1,4,4,4,1,2,2,1,1,1,1,1,0,0,0,0,1,1,3,2,5,4,4,5,5,9,10,11,1
473,0,1,17,0,1,0,3,2,2,1,3,0,1,2,0,1,1,0,0,0,0,1,0,4,4,4,1,2,5,10,16,18,18,1
474,0,0,18,0,0,1,3,2,0,1,3,1,1,3,0,1,1,0,0,0,0,1,1,4,3,4,1,2,2,5,14,17,17,1
475,0,1,18,1,0,1,2,3,2,2,3,1,1,1,0,1,0,0,0,0,0,1,0,3,1,3,4,5,4,13,13,14,14,1
476,0,1,19,0,0,1,2,1,2,1,3,0,1,1,0,1,0,0,0,0,0,1,0,5,3,4,1,4,4,10,7,11,11,1
477,0,0,18,0,1,0,2,2,3,1,3,0,2,2,0,1,1,0,0,0,0,1,0,4,1,4,1,3,4,10,14,17,17,1
478,0,0,20,0,0,1,1,0,2,1,3,0,2,1,1,0,0,0,0,0,0,1,1,5,3,1,1,1,5,5,8,10,10,0
479,0,0,18,0,0,1,3,2,3,1,2,0,1,2,0,1,1,0,1,1,0,1,1,3,1,2,1,2,1,4,10,13,13,1
480,1,0,16,0,0,1,1,3,0,1,1,1,2,1,0,1,1,0,0,0,1,1,1,4,3,3,1,3,5,11,10,11,11,1
481,1,0,16,1,0,1,2,2,2,1,0,0,2,2,0,1,1,0,1,0,0,1,0,4,4,4,1,1,5,0,12,12,12,1
482,1,0,15,1,0,1,1,1,0,2,1,0,1,1,1,1,1,0,0,0,0,0,1,4,1,3,1,1,2,6,10,10,10,0
483,1,0,15,1,0,1,3,3,0,1,0,0,2,1,0,1,1,0,0,0,0,1,0,5,4,4,2,3,5,4,10,10,11,1
484,1,0,16,1,0,1,2,3,0,2,0,0,2,2,0,1,0,0,0,0,0,0,0,4,5,2,1,2,5,0,16,17,17,1
485,1,0,15,1,1,1,2,1,0,1,2,0,2,1,0,1,0,0,0,0,1,0,0,1,3,4,1,1,1,0,6,8,9,0
486,1,1,16,1,1,0,4,4,0,1,2,0,1,2,0,1,1,0,0,0,0,0,0,5,3,2,1,3,2,5,10,11,11,1
487,1,1,16,0,0,0,1,2,2,1,1,0,1,3,0,0,0,0,0,0,0,1,0,4,4,3,1,1,5,0,10,11,11,1
488,1,0,17,1,0,1,3,2,0,1,0,1,1,2,1,1,0,0,0,0,0,0,1,4,5,4,1,2,5,0,10,10,10,0
489,1,0,17,1,0,1,1,1,2,1,1,1,1,1,1,1,1,0,0,1,1,1,0,5,4,4,2,2,5,0,6,6,7,0
490,1,0,15,1,0,1,4,4,4,1,0,0,2,1,0,1,0,0,0,0,0,1,1,1,5,1,3,5,5,0,13,14,14,1
491,1,0,16,0,1,0,2,2,0,1,3,0,2,4,0,1,0,0,1,1,1,0,1,1,2,1,1,1,1,4,10,9,11,1
492,1,0,15,1,1,1,1,1,0,2,3,1,2,2,0,1,1,0,0,0,0,1,0,5,4,3,1,2,4,0,10,10,10,0
493,1,0,15,1,1,1,1,1,2,2,0,0,2,1,1,1,1,0,0,0,0,1,1,4,4,3,1,2,2,4,6,7,8,0
494,1,0,16,1,0,1,0,2,2,1,1,0,2,1,0,1,1,0,1,0,0,0,0,3,2,3,1,2,2,0,12,11,12,1
495,1,0,17,1,0,1,2,3,2,1,0,0,2,1,0,1,1,0,0,0,0,1,0,5,5,5,1,3,3,2,10,11,12,1
496,1,0,15,1,0,1,3,3,2,2,0,1,2,1,0,1,0,0,0,1,0,1,0,4,1,3,1,1,4,0,14,16,16,1
497,1,1,16,0,0,1,1,1,0,2,2,0,2,2,0,1,1,0,1,0,0,0,1,5,4,5,4,5,3,0,7,0,0,0
498,1,1,17,0,0,1,1,1,2,1,2,0,1,2,0,1,0,1,0,1,0,1,0,4,4,3,2,4,5,4,8,9,9,0
499,1,1,15,1,1,1,4,1,1,2,3,1,1,2,0,1,1,0,1,0,0,1,0,5,3,4,1,2,2,0,12,13,14,1
500,1,1,16,1,0,1,3,4,2,3,1,0,3,2,0,1,0,0,0,1,0,0,0,3,4,5,1,2,5,4,9,10,11,1
501,1,1,15,1,0,1,1,1,2,1,0,0,4,2,0,1,1,0,1,0,0,0,1,5,4,5,2,4,4,8,7,9,9,0
502,1,1,15,0,1,1,3,3,0,4,3,1,1,2,0,1,1,0,1,0,0,1,0,5,3,3,1,1,5,0,11,11,11,1
503,1,1,17,1,0,1,2,1,2,1,1,0,3,1,0,1,0,0,1,0,1,0,1,5,5,5,5,5,3,8,8,10,9,0
504,1,0,16,1,0,1,4,4,4,0,0,0,2,3,0,1,0,0,1,0,0,1,1,4,2,2,1,1,4,6,16,16,17,1
505,1,0,15,1,0,1,1,2,2,2,0,0,2,1,0,1,0,0,0,0,0,0,0,5,1,2,1,1,1,3,11,13,13,1
506,1,0,16,1,0,1,2,3,2,2,0,0,3,2,0,1,1,0,0,0,0,1,0,4,5,4,1,2,1,2,15,15,15,1
507,1,1,16,1,0,1,1,2,2,1,0,1,2,2,0,1,0,0,0,0,0,0,0,4,3,3,1,1,5,0,10,11,11,1
508,1,0,16,0,0,1,1,2,2,2,0,0,1,3,1,1,1,0,0,0,0,0,0,1,3,2,1,2,4,0,10,8,8,0
509,1,0,15,0,0,1,2,1,0,1,2,0,1,2,0,0,1,0,0,1,0,1,0,4,4,2,3,3,2,0,9,10,9,0
510,1,0,16,0,0,1,1,1,0,1,0,1,1,2,0,1,1,0,0,1,0,0,1,5,4,3,2,1,2,0,13,14,15,1
511,1,1,17,1,1,1,1,2,0,2,3,0,1,1,0,1,1,0,1,0,0,1,0,5,5,5,5,5,3,4,10,11,11,1
512,1,0,16,1,0,1,1,1,2,1,2,1,4,4,0,1,1,0,0,1,0,1,0,4,3,2,1,1,1,0,13,10,13,1
513,1,0,16,1,0,1,1,1,0,1,1,1,4,3,0,0,1,0,0,0,0,0,0,4,4,3,1,1,5,2,10,9,10,0
514,1,0,15,1,0,1,1,1,0,1,2,1,2,2,0,1,1,0,1,0,0,1,0,4,3,3,1,1,2,1,11,10,11,1
515,1,0,16,1,0,1,1,1,0,1,1,0,2,1,0,1,0,0,1,0,0,1,1,4,2,2,4,3,2,0,13,12,14,1
516,1,0,15,1,0,1,1,1,0,4,0,1,3,2,0,1,1,0,0,0,0,0,0,4,2,1,1,2,2,0,13,14,14,1
517,1,0,15,1,1,1,2,2,2,1,1,1,1,3,0,0,1,0,0,0,0,0,0,4,4,3,2,2,5,2,14,11,12,1
518,1,1,16,1,0,1,1,1,0,1,1,1,2,1,0,1,0,0,1,0,0,0,0,3,4,4,3,4,5,6,11,11,11,1
519,1,0,18,0,0,1,1,2,2,1,0,1,1,2,1,1,1,0,1,0,0,1,1,3,4,4,2,3,5,9,9,8,8,0
520,1,1,15,0,0,1,3,1,2,2,2,0,2,1,0,1,1,0,0,0,0,0,0,3,2,3,1,3,4,0,10,9,11,1
521,1,0,16,1,0,1,2,2,2,2,0,1,3,2,0,1,1,0,1,0,0,1,0,5,3,4,1,1,2,1,14,13,14,1
522,1,1,15,0,0,1,2,2,1,1,3,0,3,1,0,1,0,0,0,0,0,0,0,4,3,3,1,2,4,1,13,12,13,1
523,1,1,16,0,0,1,4,4,2,0,0,1,1,2,0,1,1,0,1,0,0,0,1,4,3,1,1,1,3,0,13,12,13,1
524,1,0,15,1,0,1,3,3,3,1,3,0,1,2,0,1,1,0,0,0,0,1,1,4,5,4,1,1,1,4,13,12,12,1
525,1,0,16,1,0,1,2,2,0,1,0,0,2,2,1,1,1,0,1,1,0,0,0,4,4,4,2,3,5,2,12,11,12,1
526,1,0,16,1,1,1,2,2,2,1,2,1,3,1,0,1,1,0,1,0,0,0,1,4,3,2,1,1,4,0,14,14,16,1
527,1,1,16,0,1,1,2,1,0,2,0,0,2,1,0,1,1,0,1,0,0,1,0,2,4,3,2,3,4,4,10,8,10,0
528,1,1,15,1,1,1,1,3,0,1,3,1,3,1,0,1,1,0,1,0,0,1,0,4,2,4,3,5,3,2,10,11,11,1
529,1,0,15,0,0,1,2,2,2,2,0,0,2,3,0,1,1,0,1,0,0,0,0,5,3,2,1,1,4,0,12,13,14,1
530,1,0,16,1,1,1,2,1,2,1,2,0,1,1,0,1,1,0,0,0,0,1,1,5,4,3,1,1,5,2,10,8,8,0
531,1,1,15,0,0,1,3,3,3,2,0,1,2,1,0,1,1,0,1,1,0,1,0,4,3,3,2,4,3,11,12,10,11,1
532,1,0,16,1,0,1,1,1,0,1,0,1,2,2,3,0,1,0,0,0,0,0,0,3,4,3,1,1,1,0,7,7,8,0
533,1,0,17,0,0,1,2,2,2,4,0,0,1,1,0,1,1,0,1,0,1,0,0,4,5,3,1,1,5,4,9,9,10,0
534,1,0,19,0,0,1,2,3,0,2,0,2,1,1,1,1,0,0,0,0,1,1,1,4,4,4,1,1,2,0,9,9,10,0
535,1,0,17,1,0,1,2,1,0,1,0,0,3,1,0,1,1,0,1,0,1,0,1,5,5,3,1,1,3,2,9,10,11,1
536,1,0,15,1,1,1,1,1,0,1,0,0,2,1,0,1,1,0,0,0,1,0,1,5,2,1,1,3,4,0,9,10,9,0
537,1,0,16,0,1,0,2,2,2,1,2,0,1,1,0,1,1,0,0,0,1,0,0,4,3,4,1,2,1,6,7,7,8,0
538,1,0,17,1,0,1,2,2,0,1,0,0,2,2,0,1,1,0,0,0,0,1,0,4,3,5,1,2,4,0,11,10,11,1
539,1,0,16,0,0,1,2,2,2,2,0,1,1,1,1,1,1,1,1,1,0,1,0,4,4,3,1,4,3,1,9,10,10,0
540,1,0,18,1,1,0,3,2,2,1,0,2,2,3,2,1,1,0,0,1,1,0,1,3,3,2,1,1,2,6,7,9,10,0
541,1,0,19,0,0,1,1,1,0,2,0,0,1,3,1,1,0,0,1,0,1,0,1,5,3,1,1,1,3,6,7,9,9,0
542,1,1,18,1,0,1,1,1,2,1,2,0,2,1,1,1,0,0,1,0,1,1,0,4,4,3,3,4,4,0,8,9,10,0
543,1,0,18,1,0,1,1,1,0,4,0,0,2,1,1,1,0,0,0,1,1,1,1,3,2,3,1,1,2,4,9,11,10,1
544,1,0,19,0,0,1,1,1,2,1,0,2,2,2,1,1,1,0,0,0,0,1,1,1,1,4,4,1,1,12,7,8,9,0
545,1,0,16,1,0,0,2,2,1,1,0,0,1,2,0,1,0,0,0,1,0,0,1,3,3,2,1,1,3,2,8,10,10,0
546,1,0,17,0,0,1,0,1,2,4,0,1,2,1,0,1,0,0,1,1,0,0,0,2,4,4,3,5,5,5,9,9,10,0
547,1,0,16,1,1,1,1,2,0,1,0,0,1,2,0,1,0,0,1,0,1,1,0,4,4,5,1,3,3,0,8,9,9,0
548,1,0,16,0,0,1,3,3,2,1,3,0,1,1,0,1,0,0,1,0,1,1,1,4,5,4,1,1,4,0,14,13,13,1
549,1,0,16,1,1,1,1,1,3,2,2,0,1,1,0,1,1,0,1,0,0,1,1,4,4,4,2,2,4,2,14,14,14,1
550,1,1,17,0,0,1,3,3,3,4,0,0,2,4,1,1,1,1,1,0,0,0,0,5,4,5,3,4,5,0,10,11,10,1
551,1,0,16,0,0,1,2,1,2,2,0,0,1,2,0,1,1,0,1,0,0,1,0,5,3,3,1,1,1,0,14,13,14,1
552,1,0,16,0,0,1,2,2,3,1,0,0,1,1,0,1,1,1,1,0,0,0,1,4,2,5,1,2,5,0,17,16,16,1
553,1,1,17,0,0,1,1,2,2,1,0,1,1,1,1,1,1,0,1,0,1,1,1,5,3,5,5,5,1,12,6,7,7,0
554,1,1,16,0,1,1,4,3,2,1,0,1,1,1,0,1,0,0,1,0,0,1,0,4,2,5,1,5,5,8,14,12,13,1
555,1,1,17,1,1,1,2,2,3,2,1,0,3,4,1,1,1,0,0,0,0,0,0,1,3,5,3,5,3,2,10,8,9,0
556,1,0,16,0,0,1,1,1,2,1,0,2,1,4,0,0,1,0,1,0,0,1,0,2,2,1,1,1,5,0,14,14,14,1
557,1,0,19,0,1,1,2,2,2,1,2,0,1,3,0,1,0,0,0,0,0,1,1,5,4,5,1,1,1,0,12,13,13,1
558,1,0,17,1,0,1,1,1,0,1,3,0,2,1,0,1,1,0,1,1,0,1,1,4,4,5,1,2,5,0,11,11,11,1
559,1,0,20,0,0,1,3,3,0,2,1,0,2,2,1,1,0,0,1,0,0,1,1,3,3,4,2,4,3,8,11,9,10,0
560,1,0,17,0,1,1,1,1,2,2,0,1,1,3,0,1,1,0,0,0,0,0,1,4,3,3,1,1,3,0,11,11,10,1
561,1,1,17,1,0,1,2,2,2,1,0,0,3,1,1,1,1,0,0,1,0,1,0,4,4,5,1,2,5,0,10,9,9,0
562,1,0,16,1,1,1,1,1,0,1,0,1,3,2,0,1,1,0,0,0,0,0,0,5,3,2,1,1,1,0,16,17,18,1
563,1,0,17,1,0,1,2,2,2,1,3,0,2,2,0,1,1,0,1,0,0,0,0,5,3,2,1,1,1,0,15,17,17,1
564,1,0,17,0,0,0,1,0,2,1,1,0,2,2,0,1,0,0,0,0,0,1,1,4,4,5,1,1,4,1,11,9,10,0
565,1,0,18,1,0,1,1,1,0,1,1,0,1,2,1,1,1,0,0,0,0,1,1,4,3,2,1,1,5,9,7,7,7,0
566,1,0,16,0,0,1,3,1,2,1,0,0,1,1,0,1,0,0,1,0,0,1,0,3,1,3,1,3,1,0,8,6,8,0
567,1,0,16,0,0,1,3,2,3,4,0,0,1,1,0,1,0,0,0,0,0,1,0,3,1,3,1,4,3,2,7,6,7,0
568,1,0,18,0,1,1,1,1,2,4,3,0,2,2,0,0,0,0,0,0,0,0,0,2,3,5,1,4,3,8,9,8,10,0
569,1,0,16,1,0,1,4,4,1,0,3,1,1,2,0,1,0,0,1,1,0,1,1,4,3,3,2,3,2,0,14,16,16,1
570,1,0,16,1,1,1,1,2,2,1,3,0,2,1,0,1,0,0,1,0,0,1,0,5,4,5,1,4,2,0,14,14,15,1
571,1,0,18,0,0,0,2,4,2,2,3,1,1,2,1,1,1,0,0,0,0,1,0,2,3,2,1,3,1,8,8,5,8,0
572,1,1,16,1,0,1,2,1,2,2,3,0,2,2,0,1,0,0,1,0,0,1,0,5,2,1,1,1,2,0,8,7,0,0
573,1,0,16,0,1,1,1,1,0,1,1,0,3,2,0,1,1,0,0,0,0,1,0,4,3,2,1,3,5,6,6,8,8,0
574,1,0,16,1,0,1,2,3,0,2,1,0,2,2,0,1,1,0,1,0,0,1,0,3,3,3,1,1,2,0,8,10,10,0
575,1,0,16,0,0,1,4,4,1,3,0,0,1,2,0,1,1,0,0,0,0,1,1,4,3,4,1,2,3,4,8,8,8,0
576,1,1,18,0,1,1,4,4,0,3,2,0,1,4,0,1,1,0,1,0,1,1,1,5,5,5,5,5,5,2,5,6,6,0
577,1,0,16,1,1,1,3,4,0,1,1,0,3,2,0,1,1,0,0,1,0,0,0,4,2,1,1,1,2,2,7,9,8,0
578,1,1,17,0,1,1,4,4,2,2,2,0,1,3,0,1,1,0,0,0,0,1,0,4,4,3,1,2,5,0,15,14,16,1
579,1,0,17,1,0,1,4,1,2,1,1,0,1,1,0,1,0,0,0,0,0,1,1,4,2,3,1,2,5,1,13,14,14,1
580,1,1,16,0,1,1,2,2,3,2,1,0,4,3,0,1,0,0,0,0,0,0,0,5,1,3,2,2,3,0,10,9,10,0
581,1,0,17,1,0,1,2,2,0,1,1,0,1,1,0,1,1,1,0,0,0,1,0,5,1,3,1,2,5,5,9,9,9,0
582,1,0,16,0,1,1,4,4,3,2,1,1,2,1,0,1,1,0,0,0,0,0,0,5,1,3,1,2,5,1,11,11,11,1
583,1,1,17,0,0,1,3,3,3,2,2,0,1,1,0,1,1,0,1,0,0,1,0,4,1,4,5,5,3,8,7,10,9,0
584,1,1,17,0,0,1,1,1,0,2,1,0,3,2,0,1,0,0,0,0,0,1,1,5,1,3,3,3,1,0,10,10,10,0
585,1,1,16,0,0,1,2,1,1,2,1,0,2,2,0,1,0,0,0,1,0,1,1,4,2,2,1,4,5,2,9,7,8,0
586,1,0,16,0,1,1,2,1,2,2,1,0,1,2,0,1,0,0,0,0,0,1,1,3,2,2,1,1,3,0,14,15,16,1
587,1,1,16,0,1,1,4,4,4,3,1,1,1,1,0,1,1,0,0,0,0,1,0,4,1,2,2,5,5,0,11,12,12,1
588,1,1,15,1,0,1,1,2,2,2,0,0,3,2,0,1,1,0,1,0,0,0,0,5,5,5,1,3,5,11,9,11,10,1
589,1,1,15,0,1,0,2,2,2,1,3,0,3,4,0,1,1,0,1,0,0,0,0,5,4,5,2,3,5,8,13,14,14,1
590,1,1,15,0,1,0,2,1,3,2,0,0,1,1,0,1,0,0,1,0,0,1,0,4,3,3,1,2,5,11,12,13,12,1
591,1,0,16,1,1,1,2,2,2,1,0,0,1,3,0,1,1,0,0,1,0,0,1,4,3,3,2,2,5,2,11,11,11,1
592,1,0,16,0,1,1,4,1,2,1,2,0,2,2,0,1,1,0,1,0,0,1,0,1,2,4,2,2,1,8,9,10,10,0
593,1,0,17,0,0,1,3,2,0,1,2,0,2,1,0,1,0,0,0,0,0,0,1,4,3,3,2,2,1,5,9,11,11,1
594,1,0,17,1,0,1,2,2,2,1,1,0,2,2,0,0,0,1,0,0,0,0,0,5,1,3,1,1,5,0,11,9,11,1
595,1,0,16,0,0,1,4,4,4,2,0,0,2,3,0,1,1,0,0,0,0,1,1,5,3,5,1,4,5,1,10,11,12,1
596,1,1,17,1,0,1,4,4,1,1,0,1,3,1,3,1,0,0,1,0,0,1,1,3,3,3,1,3,5,2,9,9,8,0
597,1,1,17,1,1,1,1,3,2,1,0,1,2,1,0,1,0,0,1,0,0,0,1,5,1,2,3,3,5,2,12,11,12,1
598,1,1,17,0,0,1,3,4,3,1,1,0,1,2,1,1,1,0,1,1,0,1,1,5,4,4,3,4,5,8,8,9,8,0
599,1,0,17,0,0,1,4,4,1,3,0,1,1,2,0,1,1,0,0,0,0,1,0,5,2,5,1,1,5,0,13,15,16,1
600,1,1,16,1,1,1,4,1,2,4,1,1,1,1,0,1,0,0,0,0,0,1,0,4,1,2,2,1,2,0,10,11,11,1
601,1,0,17,0,0,0,1,1,0,4,1,0,1,2,0,1,0,0,1,0,0,1,1,4,5,5,1,2,3,2,11,10,11,1
602,1,0,17,1,0,1,4,2,2,1,0,0,2,2,0,0,1,0,0,1,0,1,0,4,3,3,2,3,5,0,17,18,18,1
603,1,1,16,0,1,0,2,2,2,2,0,1,2,2,0,1,1,0,0,1,0,1,1,4,1,2,2,2,5,0,12,13,13,1
604,1,1,17,0,0,1,3,2,2,1,1,1,2,2,0,1,1,1,0,0,0,1,0,4,1,2,2,2,1,0,13,14,13,1
605,1,1,19,0,0,1,1,1,2,1,1,0,1,2,2,1,1,0,1,0,1,1,0,4,4,3,3,4,4,2,9,9,10,0
606,1,1,17,0,1,0,1,0,2,1,2,0,1,1,0,1,0,0,0,0,0,0,1,4,1,2,1,1,5,4,11,11,12,1
607,1,0,17,1,0,1,1,1,0,4,0,1,2,1,0,1,1,0,1,0,1,1,1,3,5,5,2,2,4,3,10,11,10,1
608,1,0,16,1,0,1,1,2,2,1,2,1,1,3,0,0,1,0,0,1,0,1,1,4,3,4,1,1,3,5,13,14,13,1
609,1,1,16,1,1,1,1,2,2,4,0,0,1,1,0,1,0,0,0,0,0,0,0,4,4,4,2,4,5,4,9,10,11,1
610,1,0,17,1,0,1,3,1,2,1,0,0,2,2,3,1,1,0,1,1,0,1,1,5,4,4,1,1,5,2,7,9,10,0
611,1,1,17,1,0,1,2,2,2,1,0,0,2,1,0,1,0,0,1,0,1,0,1,5,5,5,3,5,5,0,8,13,10,1
612,1,1,18,1,0,1,1,0,0,4,0,2,3,1,1,0,1,0,0,0,0,0,0,4,3,2,1,1,4,0,12,12,13,1
613,1,1,17,1,0,1,1,1,2,2,0,0,2,1,0,1,1,0,1,1,0,1,1,4,5,5,1,3,2,0,10,9,10,0
614,1,1,18,0,1,1,1,1,0,4,0,0,2,2,0,1,1,0,1,0,0,0,0,4,3,3,1,4,5,6,10,9,10,0
615,1,0,16,1,1,1,2,2,2,2,0,1,1,2,0,1,0,0,1,0,0,0,1,5,4,3,1,1,1,0,11,13,12,1
616,1,1,17,0,0,1,2,2,2,1,0,0,1,1,1,1,0,0,1,0,0,0,1,1,2,1,2,3,5,0,7,0,0,0
617,1,1,16,1,0,1,3,2,3,1,0,1,2,1,0,1,0,0,0,0,0,1,0,4,5,5,2,3,5,2,11,9,10,0
618,1,1,16,1,1,1,1,1,0,1,0,0,2,1,0,1,0,0,1,0,0,1,0,4,5,5,2,4,5,0,10,10,9,0
619,1,1,18,1,0,1,1,1,3,1,0,2,2,1,1,1,1,0,0,0,1,1,1,5,3,3,2,3,5,2,9,7,9,0
620,1,1,18,1,0,1,3,2,3,1,0,0,1,1,1,1,0,0,0,0,1,1,0,2,3,1,2,2,5,0,4,0,0,0
621,1,1,19,0,0,1,3,2,0,2,0,0,2,1,3,1,0,0,1,0,0,0,0,3,2,1,1,1,3,4,6,11,9,0
622,1,1,18,0,0,1,3,3,0,4,0,0,1,2,2,1,1,0,1,0,1,1,0,4,4,5,1,3,3,9,4,8,8,0
623,1,1,16,1,0,1,2,2,3,2,0,0,2,1,0,1,1,0,1,0,0,1,1,5,4,3,2,4,4,6,7,8,8,0
624,1,1,19,0,0,1,2,1,0,1,0,2,2,1,3,1,0,0,1,1,1,1,1,4,4,3,1,3,5,4,8,9,9,0
625,1,0,16,0,0,0,3,2,3,4,0,0,2,2,2,1,1,0,1,0,0,0,1,2,5,5,1,1,1,8,5,5,7,0
626,1,0,17,0,0,1,1,1,2,4,0,0,1,1,0,1,1,0,1,0,0,0,0,4,3,2,1,2,5,9,7,9,10,0
627,1,1,20,1,0,1,1,1,2,1,0,2,2,1,1,1,1,0,0,0,1,1,1,4,4,3,2,4,4,12,8,11,10,0
628,1,0,18,1,0,0,4,3,3,2,0,0,1,1,0,1,1,0,0,0,0,1,0,5,4,4,3,4,2,8,10,11,10,1
629,1,0,18,0,0,0,1,2,0,1,0,0,2,2,2,1,1,0,0,0,0,0,0,4,3,3,1,1,5,2,6,8,8,0
630,1,0,19,0,1,0,1,1,0,1,0,0,1,1,0,1,1,0,0,0,1,0,0,1,4,4,1,1,5,0,6,8,7,0
631,1,0,18,1,0,1,2,2,2,1,1,0,2,1,1,1,0,0,0,0,1,1,1,5,5,5,1,1,3,0,8,6,0,0
632,1,0,17,1,0,1,0,0,0,1,0,0,2,1,0,1,1,0,0,0,0,1,0,4,4,3,1,1,5,0,10,11,11,1
633,1,0,17,1,1,0,3,1,2,4,0,2,2,3,0,1,1,1,0,0,1,0,0,4,2,3,2,2,3,5,8,7,8,0
634,1,0,17,0,0,1,4,2,4,2,2,0,1,2,0,0,1,0,1,0,0,1,0,5,5,5,1,3,5,0,8,8,0,0
635,1,0,18,1,1,1,2,2,3,2,0,0,1,2,1,1,1,0,1,0,0,1,0,2,3,3,1,2,4,3,7,6,8,0
636,1,0,17,0,0,1,4,1,1,4,0,0,1,1,0,1,1,0,0,0,0,0,1,3,2,2,1,1,5,0,8,10,9,0
637,1,0,17,0,1,1,1,2,0,1,0,1,1,1,0,1,0,0,0,0,0,1,0,5,5,1,1,1,3,0,7,10,10,0
638,1,0,18,0,0,1,2,2,3,4,3,1,2,2,0,1,0,0,1,1,0,1,0,4,3,5,1,1,1,2,12,13,14,1
639,1,0,17,0,0,1,3,3,3,2,0,0,2,1,0,1,1,0,0,0,0,1,0,4,4,3,1,1,4,0,11,12,13,1
640,1,0,18,0,1,0,1,2,0,1,3,0,2,2,0,1,0,0,0,0,0,1,0,4,4,3,1,2,4,0,12,13,14,1
641,1,0,18,0,0,1,4,4,4,0,3,0,2,2,0,1,0,0,1,1,0,1,0,4,3,5,1,2,1,0,18,18,18,1
642,1,1,18,0,1,1,4,4,3,1,3,0,1,1,0,1,1,0,1,0,0,1,0,5,4,5,1,1,5,3,17,17,17,1
643,1,0,17,0,0,1,4,2,2,1,0,0,2,2,0,1,1,0,0,0,0,1,0,4,3,3,1,2,4,0,17,18,18,1
644,1,0,18,1,0,1,2,2,0,1,0,0,3,2,1,1,0,0,1,0,0,0,1,4,3,3,1,1,4,0,9,0,0,0
645,1,1,18,0,1,1,1,2,0,2,2,0,2,1,0,1,1,0,0,1,0,0,0,4,1,4,5,5,1,8,10,11,11,1
646,1,1,18,1,0,1,4,4,0,2,1,0,3,1,0,1,1,1,1,0,0,1,1,2,5,5,1,1,1,5,12,13,14,1
647,1,1,17,1,0,1,1,1,2,2,1,1,3,1,0,1,0,0,0,1,1,0,0,4,2,3,3,4,4,4,12,13,14,1
648,1,0,18,0,0,1,2,2,2,1,0,0,2,2,0,1,1,0,0,1,0,1,1,1,3,1,1,1,2,4,8,8,10,0
649,1,0,18,0,1,1,2,2,3,2,0,1,2,3,0,1,0,0,0,0,0,1,1,5,4,5,1,4,3,0,11,12,13,1
650,1,0,18,1,1,0,4,2,4,1,3,0,1,2,0,1,0,0,1,0,0,1,1,5,3,1,1,1,5,0,5,0,0,0
651,1,0,18,0,0,1,1,1,0,2,0,0,3,2,1,1,0,0,0,0,1,0,0,4,4,2,1,2,2,2,9,10,10,0
652,1,0,19,0,0,1,1,1,0,2,1,1,2,1,1,1,0,0,0,0,1,0,0,5,5,5,2,3,2,0,5,0,0,0
653,1,0,17,0,0,1,4,2,4,1,0,1,2,4,0,1,0,0,0,0,0,1,1,4,2,3,3,1,5,0,18,18,18,1
654,1,0,17,1,1,0,2,1,3,1,3,0,2,2,0,1,0,0,1,0,0,1,1,5,3,3,1,2,2,5,11,11,12,1
655,1,0,18,0,1,0,1,1,0,2,0,0,1,2,0,1,0,0,0,0,0,0,1,5,2,3,1,2,3,2,8,10,11,1
656,1,0,18,0,0,1,1,2,0,4,0,1,2,2,0,1,1,0,0,0,1,0,0,4,1,1,1,1,4,0,11,11,12,1
657,1,0,19,1,0,0,1,1,0,4,0,2,2,2,3,1,1,0,1,0,1,0,1,3,5,4,1,4,1,0,8,0,0,0
658,1,0,18,1,0,1,2,2,3,1,2,0,2,3,0,1,0,0,0,0,0,1,1,4,2,1,1,1,4,5,14,14,15,1
659,1,0,18,1,1,0,1,2,0,1,0,0,3,2,0,1,0,0,0,0,0,0,1,4,3,4,1,4,5,0,16,15,15,1
660,1,0,19,1,0,1,1,1,0,1,0,2,2,2,1,1,1,0,0,0,0,1,1,4,3,3,1,1,3,4,7,8,9,0
661,1,0,17,0,0,1,4,3,4,1,1,0,2,2,0,1,0,0,0,0,0,1,0,5,5,4,1,1,1,0,6,9,11,0
